response_id,Bagaimana penilaian Anda terhadap aspek layanan Klinik Kampus berikut?   [Persyaratan untuk mendapatkan layanan klinik mudah dipenuhi],Bagaimana penilaian Anda terhadap aspek layanan Klinik Kampus berikut?   [Proses untuk mendapatkan layanan klinik mudah dilakukan],Bagaimana penilaian Anda terhadap aspek layanan Klinik Kampus berikut?   [Pelayanan klinik dapat diperoleh dengan cepat saat dibutuhkan],"Bagaimana penilaian Anda terhadap aspek layanan Klinik Kampus berikut?   [Informasi mengenai jadwal, jenis layanan, dan ketentuan pelayanan klinik disampaikan dengan jelas]",Bagaimana penilaian Anda terhadap aspek layanan Klinik Kampus berikut?   [Layanan klinik yang diberikan sesuai dengan kebutuhan mahasiswa],Bagaimana penilaian Anda terhadap aspek layanan Klinik Kampus berikut?   [Petugas klinik mampu memberikan pelayanan dan informasi dengan baik],"Bagaimana penilaian Anda terhadap aspek layanan Klinik Kampus berikut?   [Petugas klinik ramah, sopan, dan membantu]",Bagaimana penilaian Anda terhadap aspek layanan Klinik Kampus berikut?   [Keluhan atau kendala terkait layanan klinik mudah disampaikan dan mendapatkan tindak lanjut],"Bagaimana penilaian Anda terhadap aspek layanan Klinik Kampus berikut?   [Ruang dan fasilitas klinik bersih, nyaman, dan mendukung pelayanan]"
MHS_0001,4.0,4.0,4.0,4.0,4.0,4.0,4.0,4.0,4.0
MHS_0002,3.0,3.0,2.0,2.0,3.0,3.0,3.0,3.0,3.0
MHS_0006,4.0,4.0,4.0,4.0,4.0,4.0,4.0,4.0,4.0
MHS_0013,3.0,3.0,3.0,3.0,3.0,3.0,3.0,3.0,3.0
MHS_0014,4.0,4.0,4.0,2.0,4.0,4.0,4.0,4.0,4.0
MHS_0021,4.0,4.0,3.0,3.0,3.0,4.0,4.0,3.0,3.0
MHS_0022,4.0,4.0,4.0,4.0,4.0,4.0,4.0,4.0,4.0
MHS_0026,3.0,3.0,3.0,3.0,3.0,4.0,4.0,4.0,4.0
MHS_0028,2.0,2.0,2.0,2.0,2.0,2.0,2.0,2.0,2.0
MHS_0032,3.0,3.0,2.0,3.0,3.0,3.0,3.0,3.0,3.0
MHS_0033,2.0,2.0,2.0,2.0,2.0,2.0,2.0,2.0,2.0
MHS_0037,4.0,3.0,4.0,4.0,4.0,4.0,3.0,3.0,4.0
MHS_0041,4.0,4.0,4.0,4.0,4.0,4.0,4.0,4.0,4.0
MHS_0047,4.0,4.0,4.0,4.0,4.0,4.0,4.0,4.0,4.0
MHS_0049,3.0,3.0,3.0,2.0,3.0,3.0,4.0,2.0,4.0
MHS_0052,3.0,3.0,2.0,2.0,2.0,3.0,3.0,3.0,3.0
MHS_0053,3.0,3.0,3.0,3.0,3.0,3.0,3.0,3.0,3.0
MHS_0054,3.0,3.0,3.0,3.0,3.0,3.0,3.0,3.0,3.0
MHS_0056,4.0,4.0,4.0,4.0,4.0,4.0,4.0,4.0,4.0
MHS_0058,4.0,4.0,3.0,3.0,3.0,4.0,4.0,3.0,3.0
MHS_0059,3.0,3.0,3.0,3.0,4.0,4.0,4.0,4.0,3.0
MHS_0063,4.0,4.0,4.0,4.0,4.0,4.0,4.0,4.0,4.0
MHS_0068,4.0,4.0,4.0,4.0,4.0,4.0,4.0,4.0,4.0
MHS_0073,4.0,4.0,4.0,4.0,4.0,4.0,4.0,4.0,4.0
MHS_0087,4.0,3.0,4.0,3.0,4.0,3.0,4.0,3.0,4.0
MHS_0090,4.0,3.0,4.0,3.0,4.0,3.0,4.0,3.0,4.0
MHS_0096,4.0,4.0,4.0,4.0,4.0,4.0,4.0,4.0,4.0
MHS_0097,3.0,3.0,3.0,3.0,3.0,3.0,3.0,3.0,3.0
MHS_0099,3.0,3.0,3.0,3.0,3.0,3.0,3.0,3.0,3.0
MHS_0100,3.0,3.0,3.0,3.0,3.0,3.0,3.0,3.0,3.0
MHS_0102,1.0,1.0,1.0,1.0,1.0,1.0,1.0,1.0,1.0
MHS_0104,3.0,3.0,3.0,3.0,3.0,3.0,3.0,3.0,3.0
MHS_0106,4.0,4.0,4.0,4.0,4.0,4.0,4.0,4.0,4.0
MHS_0107,4.0,4.0,4.0,4.0,4.0,4.0,4.0,4.0,4.0
MHS_0114,3.0,3.0,2.0,3.0,3.0,4.0,3.0,3.0,3.0
MHS_0118,4.0,4.0,4.0,4.0,4.0,4.0,4.0,4.0,4.0
MHS_0119,3.0,3.0,3.0,3.0,3.0,3.0,3.0,3.0,3.0
MHS_0123,3.0,3.0,4.0,2.0,3.0,4.0,3.0,4.0,4.0
MHS_0132,4.0,4.0,4.0,4.0,4.0,4.0,4.0,4.0,4.0
MHS_0133,4.0,3.0,4.0,3.0,4.0,3.0,4.0,3.0,4.0
MHS_0136,4.0,4.0,4.0,3.0,4.0,4.0,4.0,4.0,4.0
MHS_0137,4.0,4.0,4.0,4.0,4.0,4.0,4.0,4.0,4.0
MHS_0140,3.0,3.0,3.0,3.0,3.0,3.0,3.0,3.0,3.0
MHS_0141,4.0,4.0,4.0,4.0,4.0,4.0,4.0,4.0,3.0
MHS_0148,4.0,4.0,4.0,4.0,4.0,4.0,4.0,4.0,4.0
MHS_0150,3.0,4.0,4.0,3.0,3.0,4.0,4.0,4.0,3.0
MHS_0155,2.0,2.0,2.0,2.0,2.0,2.0,2.0,2.0,2.0
MHS_0156,4.0,4.0,4.0,4.0,4.0,4.0,4.0,4.0,4.0
MHS_0162,3.0,3.0,4.0,3.0,3.0,4.0,4.0,3.0,4.0
MHS_0171,4.0,3.0,3.0,4.0,4.0,4.0,3.0,4.0,3.0
MHS_0178,4.0,4.0,4.0,4.0,4.0,4.0,4.0,4.0,4.0
MHS_0179,3.0,3.0,3.0,4.0,3.0,4.0,3.0,3.0,4.0
MHS_0183,4.0,4.0,4.0,3.0,3.0,4.0,4.0,3.0,4.0
MHS_0185,3.0,3.0,3.0,3.0,3.0,3.0,3.0,3.0,3.0
MHS_0186,3.0,3.0,3.0,3.0,3.0,3.0,3.0,3.0,3.0
MHS_0190,3.0,3.0,3.0,3.0,3.0,3.0,3.0,3.0,3.0
MHS_0192,3.0,3.0,1.0,3.0,3.0,3.0,3.0,3.0,3.0
MHS_0197,3.0,3.0,3.0,3.0,4.0,3.0,3.0,3.0,3.0
MHS_0200,3.0,3.0,3.0,3.0,3.0,3.0,3.0,3.0,3.0
MHS_0214,4.0,4.0,4.0,4.0,4.0,4.0,4.0,4.0,4.0
MHS_0215,3.0,3.0,3.0,3.0,3.0,3.0,3.0,3.0,3.0
MHS_0219,4.0,4.0,4.0,4.0,4.0,4.0,4.0,4.0,4.0
MHS_0230,4.0,4.0,4.0,4.0,4.0,4.0,4.0,4.0,4.0
MHS_0232,4.0,4.0,4.0,4.0,4.0,4.0,4.0,4.0,4.0
MHS_0238,4.0,4.0,4.0,4.0,4.0,4.0,4.0,4.0,4.0
MHS_0239,4.0,4.0,4.0,3.0,3.0,3.0,3.0,3.0,4.0
MHS_0241,3.0,4.0,4.0,2.0,3.0,3.0,4.0,3.0,4.0
MHS_0242,3.0,4.0,3.0,3.0,3.0,4.0,3.0,3.0,3.0
MHS_0243,4.0,4.0,4.0,4.0,4.0,4.0,4.0,4.0,4.0
MHS_0244,3.0,3.0,2.0,1.0,3.0,2.0,1.0,3.0,4.0
MHS_0246,3.0,3.0,3.0,3.0,3.0,4.0,3.0,3.0,4.0
MHS_0248,4.0,4.0,3.0,2.0,4.0,4.0,4.0,3.0,3.0
MHS_0249,4.0,4.0,4.0,4.0,4.0,4.0,4.0,4.0,4.0
MHS_0251,3.0,3.0,3.0,3.0,4.0,4.0,4.0,4.0,4.0
MHS_0254,3.0,3.0,3.0,3.0,3.0,3.0,3.0,3.0,3.0
MHS_0257,4.0,4.0,4.0,4.0,4.0,4.0,4.0,4.0,4.0
MHS_0259,3.0,3.0,3.0,3.0,3.0,3.0,3.0,3.0,3.0
MHS_0261,3.0,3.0,3.0,3.0,3.0,3.0,3.0,3.0,3.0
MHS_0264,3.0,3.0,3.0,3.0,3.0,3.0,3.0,3.0,3.0
MHS_0271,3.0,3.0,3.0,2.0,3.0,3.0,3.0,3.0,4.0
MHS_0272,3.0,3.0,3.0,3.0,3.0,3.0,3.0,3.0,3.0
MHS_0282,4.0,4.0,4.0,4.0,4.0,4.0,4.0,4.0,4.0
MHS_0284,4.0,4.0,4.0,4.0,4.0,4.0,4.0,4.0,4.0
MHS_0286,3.0,2.0,3.0,2.0,2.0,3.0,3.0,3.0,2.0
MHS_0288,3.0,3.0,3.0,3.0,3.0,2.0,3.0,3.0,3.0
MHS_0289,3.0,3.0,2.0,2.0,2.0,2.0,3.0,3.0,3.0
MHS_0290,3.0,3.0,3.0,3.0,3.0,3.0,3.0,3.0,3.0
MHS_0292,3.0,3.0,3.0,3.0,3.0,3.0,3.0,3.0,3.0
MHS_0294,4.0,4.0,4.0,4.0,4.0,4.0,4.0,4.0,4.0
MHS_0298,3.0,3.0,3.0,3.0,3.0,3.0,3.0,3.0,3.0
MHS_0300,3.0,4.0,3.0,4.0,3.0,4.0,4.0,4.0,4.0
MHS_0305,3.0,3.0,3.0,3.0,3.0,3.0,3.0,3.0,3.0
MHS_0310,2.0,2.0,2.0,3.0,2.0,2.0,2.0,2.0,3.0
MHS_0312,4.0,4.0,4.0,4.0,4.0,4.0,4.0,4.0,4.0
MHS_0323,3.0,3.0,3.0,1.0,1.0,1.0,4.0,2.0,4.0
MHS_0328,3.0,3.0,3.0,3.0,3.0,3.0,3.0,3.0,3.0
MHS_0329,4.0,3.0,4.0,4.0,4.0,4.0,4.0,4.0,4.0
MHS_0335,3.0,3.0,3.0,3.0,3.0,3.0,3.0,3.0,3.0
MHS_0338,3.0,3.0,3.0,3.0,3.0,3.0,3.0,3.0,3.0
MHS_0348,4.0,4.0,4.0,4.0,4.0,4.0,4.0,4.0,4.0
MHS_0351,3.0,4.0,4.0,4.0,4.0,4.0,4.0,4.0,4.0
MHS_0352,3.0,3.0,3.0,1.0,3.0,2.0,3.0,2.0,2.0
MHS_0353,3.0,3.0,3.0,3.0,3.0,3.0,3.0,3.0,3.0
MHS_0359,3.0,3.0,4.0,2.0,4.0,4.0,4.0,3.0,3.0
MHS_0366,3.0,3.0,3.0,1.0,2.0,3.0,3.0,3.0,1.0
MHS_0369,4.0,4.0,4.0,4.0,4.0,4.0,4.0,4.0,4.0
MHS_0373,3.0,4.0,3.0,1.0,3.0,3.0,4.0,1.0,3.0
MHS_0374,3.0,3.0,3.0,2.0,3.0,3.0,3.0,3.0,3.0
MHS_0378,4.0,4.0,4.0,4.0,4.0,4.0,4.0,4.0,4.0
MHS_0381,4.0,4.0,4.0,4.0,4.0,4.0,4.0,4.0,4.0
MHS_0395,4.0,4.0,4.0,4.0,4.0,4.0,4.0,4.0,4.0
MHS_0407,4.0,4.0,3.0,3.0,3.0,2.0,3.0,3.0,3.0
MHS_0414,3.0,3.0,3.0,3.0,3.0,3.0,3.0,3.0,3.0
MHS_0415,3.0,3.0,3.0,3.0,3.0,3.0,3.0,3.0,3.0
MHS_0418,4.0,4.0,4.0,4.0,4.0,4.0,4.0,4.0,4.0
