response_id,Timestamp,Program Studi,Semester,Bagaimana penilaian Anda terhadap layanan Administrasi Akademik berikut?   [Persyaratan untuk mengurus layanan akademik jelas dan mudah dipenuhi],Bagaimana penilaian Anda terhadap layanan Administrasi Akademik berikut?   [Langkah-langkah untuk mendapatkan layanan akademik jelas dan mudah dilakukan],Bagaimana penilaian Anda terhadap layanan Administrasi Akademik berikut?   [Layanan akademik diselesaikan dengan cepat sesuai waktu yang dijanjikan],"Bagaimana penilaian Anda terhadap layanan Administrasi Akademik berikut?   [Informasi mengenai biaya layanan, jika ada, jelas dan sesuai dengan ketentuan]",Bagaimana penilaian Anda terhadap layanan Administrasi Akademik berikut?   [Hasil layanan akademik yang diterima sesuai dengan kebutuhan],Bagaimana penilaian Anda terhadap layanan Administrasi Akademik berikut?   [Petugas mampu memberikan informasi dan membantu menyelesaikan kebutuhan akademik],"Bagaimana penilaian Anda terhadap layanan Administrasi Akademik berikut?   [Petugas ramah, sopan, dan membantu saat memberikan layanan]",Bagaimana penilaian Anda terhadap layanan Administrasi Akademik berikut?   [Keluhan atau masalah mudah disampaikan dan mendapatkan tindak lanjut],Bagaimana penilaian Anda terhadap layanan Administrasi Akademik berikut?   [Fasilitas dan sistem layanan akademik mudah digunakan dan berfungsi dengan baik],Bagaimana penilaian Anda terhadap layanan Kemahasiswaan berikut?   [Persyaratan untuk mendapatkan layanan kemahasiswaan jelas dan mudah dipenuhi],Bagaimana penilaian Anda terhadap layanan Kemahasiswaan berikut?   [Langkah-langkah untuk mendapatkan layanan kemahasiswaan jelas dan mudah dilakukan],Bagaimana penilaian Anda terhadap layanan Kemahasiswaan berikut?   [Layanan kemahasiswaan diproses dengan cepat sesuai waktu yang dijanjikan],"Bagaimana penilaian Anda terhadap layanan Kemahasiswaan berikut?   [Informasi mengenai biaya layanan, jika ada, jelas dan sesuai ketentuan]",Bagaimana penilaian Anda terhadap layanan Kemahasiswaan berikut?   [Layanan yang diterima sesuai dengan kebutuhan sebagai mahasiswa],Bagaimana penilaian Anda terhadap layanan Kemahasiswaan berikut?   [Petugas mampu memberikan informasi dan membantu menyelesaikan kebutuhan mahasiswa],"Bagaimana penilaian Anda terhadap layanan Kemahasiswaan berikut?   [Petugas ramah, sopan, dan membantu saat memberikan layanan]",Bagaimana penilaian Anda terhadap layanan Kemahasiswaan berikut?   [Keluhan atau masalah mudah disampaikan dan mendapatkan tindak lanjut],Bagaimana penilaian Anda terhadap layanan Kemahasiswaan berikut?   [Fasilitas dan media informasi layanan kemahasiswaan mudah diakses dan digunakan],Bagaimana penilaian Anda terhadap layanan Kemahasiswaan berikut?   [Informasi dan pengelolaan layanan beasiswa mahasiswa jelas dan mudah diakses],Bagaimana penilaian Anda terhadap layanan Administrasi Keuangan berikut?   [Persyaratan untuk mengurus administrasi keuangan jelas dan mudah dipenuhi],Bagaimana penilaian Anda terhadap layanan Administrasi Keuangan berikut?   [Proses pembayaran dan pengurusan administrasi keuangan jelas dan mudah dilakukan],Bagaimana penilaian Anda terhadap layanan Administrasi Keuangan berikut?   [Masalah administrasi keuangan ditangani dengan cepat],"Bagaimana penilaian Anda terhadap layanan Administrasi Keuangan berikut?   [Informasi mengenai UKT, tagihan, dan biaya lainnya jelas dan mudah dipahami]",Bagaimana penilaian Anda terhadap layanan Administrasi Keuangan berikut?   [Informasi dan hasil layanan keuangan yang diterima benar dan sesuai kebutuhan],Bagaimana penilaian Anda terhadap layanan Administrasi Keuangan berikut?   [Petugas mampu menjelaskan dan membantu menyelesaikan masalah administrasi keuangan],"Bagaimana penilaian Anda terhadap layanan Administrasi Keuangan berikut?   [Petugas ramah, sopan, dan membantu saat memberikan layanan]",Bagaimana penilaian Anda terhadap layanan Administrasi Keuangan berikut?   [Masalah pembayaran atau tagihan mudah disampaikan dan mendapatkan penyelesaian],Bagaimana penilaian Anda terhadap layanan Administrasi Keuangan berikut?   [Sistem dan fasilitas layanan keuangan mudah digunakan dan berfungsi dengan baik],Bagaimana penilaian Anda terhadap layanan Administrasi Umum berikut?   [Persyaratan untuk mendapatkan layanan administrasi umum jelas dan mudah dipenuhi],Bagaimana penilaian Anda terhadap layanan Administrasi Umum berikut?   [Langkah-langkah mendapatkan layanan jelas dan mudah dilakukan],Bagaimana penilaian Anda terhadap layanan Administrasi Umum berikut?   [Layanan diselesaikan dengan cepat sesuai waktu yang dijanjikan],"Bagaimana penilaian Anda terhadap layanan Administrasi Umum berikut?   [Informasi mengenai biaya layanan, jika ada, jelas dan sesuai ketentuan]",Bagaimana penilaian Anda terhadap layanan Administrasi Umum berikut?   [Hasil layanan yang diterima sesuai dengan kebutuhan],Bagaimana penilaian Anda terhadap layanan Administrasi Umum berikut?   [Petugas mampu memberikan informasi dan membantu kebutuhan mahasiswa],"Bagaimana penilaian Anda terhadap layanan Administrasi Umum berikut?   [Petugas ramah, sopan, dan membantu saat memberikan layanan]",Bagaimana penilaian Anda terhadap layanan Administrasi Umum berikut?   [Keluhan atau masalah mudah disampaikan dan mendapatkan tindak lanjut],Bagaimana penilaian Anda terhadap layanan Administrasi Umum berikut?   [Tempat dan fasilitas pelayanan nyaman dan mendukung proses pelayanan],Bagaimana penilaian Anda terhadap Ruang Kuliah?   [Ruang kuliah bersih dan nyaman digunakan],Bagaimana penilaian Anda terhadap Ruang Kuliah?   [Pencahayaan dan suhu/ventilasi ruang kuliah sudah nyaman],"Bagaimana penilaian Anda terhadap Ruang Kuliah?   [Meja, kursi, papan tulis, proyektor/TV, dan fasilitas pembelajaran lainnya tersedia dan berfungsi dengan baik]",Bagaimana penilaian Anda terhadap fasilitas Laboratorium?   [Alat dan fasilitas laboratorium tersedia sesuai kebutuhan praktikum],Bagaimana penilaian Anda terhadap fasilitas Laboratorium?   [Alat laboratorium dalam kondisi baik dan dapat digunakan],"Bagaimana penilaian Anda terhadap fasilitas Laboratorium?   [Laboratorium bersih, nyaman, dan aman digunakan untuk praktikum]","Bagaimana penilaian Anda terhadap fasilitas dan layanan Perpustakaan?   [Buku, referensi, dan sumber belajar yang tersedia sesuai dengan kebutuhan]",Bagaimana penilaian Anda terhadap fasilitas dan layanan Perpustakaan?   [Layanan dan sumber digital perpustakaan mudah diakses],Bagaimana penilaian Anda terhadap fasilitas dan layanan Perpustakaan?   [Ruang perpustakaan nyaman digunakan untuk membaca dan belajar],Bagaimana penilaian Anda terhadap layanan TIK dan Sistem Informasi kampus?   [Internet/Wi-Fi kampus mudah diakses dan memiliki koneksi yang memadai],Bagaimana penilaian Anda terhadap layanan TIK dan Sistem Informasi kampus?   [Sistem informasi/aplikasi kampus mudah digunakan dan dapat diakses saat dibutuhkan],"Bagaimana penilaian Anda terhadap layanan TIK dan Sistem Informasi kampus?   [Ketika terjadi kendala TIK, bantuan atau penanganannya mudah diperoleh]","Bagaimana penilaian Anda terhadap fasilitas Toilet kampus?   [Toilet kampus bersih, tidak bau dan nyaman digunakan]","Bagaimana penilaian Anda terhadap fasilitas Toilet kampus?   [Air, sabun, dan fasilitas pendukung toilet tersedia dengan baik]",Bagaimana penilaian Anda terhadap fasilitas Toilet kampus?   [Jumlah dan kondisi toilet memadai untuk kebutuhan mahasiswa],Bagaimana penilaian Anda terhadap fasilitas Parkir kampus?   [Tempat parkir cukup untuk menampung kendaraan mahasiswa],Bagaimana penilaian Anda terhadap fasilitas Parkir kampus?   [Area parkir tertata dan mudah digunakan],Bagaimana penilaian Anda terhadap fasilitas Parkir kampus?   [Kendaraan cukup aman ketika diparkir di lingkungan kampus],Bagaimana penilaian Anda terhadap Lingkungan Kampus?   [Lingkungan kampus bersih dan nyaman],Bagaimana penilaian Anda terhadap Lingkungan Kampus?   [Lingkungan kampus aman untuk aktivitas mahasiswa],"Bagaimana penilaian Anda terhadap Lingkungan Kampus?   [Ruang terbuka, penghijauan, dan fasilitas umum di kampus sudah memadai]"
MHS_0001,2026-09-09 13:13:07.187,STr. Sistem Pembangkit Energi,3,4,4,4,4,4,4,4,4,4,4,4,4,4,4,4,4,4,4,4,4,3,4,4,3,3,4,4,3,4,4,3,4,4,4,3,4,4,4,4,4,4,4,4,4,4,4,4,4,4,4,4,4,4,4,4,4,4,4
MHS_0002,2026-09-09 13:13:37.038,STr. Sains Data Terapan,7,3,3,3,3,3,3,3,3,3,3,3,3,3,3,3,3,3,3,3,3,3,3,3,3,3,3,3,3,3,3,3,3,3,3,3,3,3,4,4,4,4,4,4,3,3,3,3,3,3,3,3,3,1,2,3,4,4,4
MHS_0003,2026-09-09 13:14:48.414,STr./D3 Teknik Telekomunikasi,3,4,4,4,4,4,4,4,4,4,4,4,4,4,4,4,4,4,4,4,4,4,4,4,4,4,4,4,4,4,4,4,4,4,4,4,4,4,4,4,4,4,4,4,4,4,4,4,4,4,4,4,4,4,4,4,4,4,4
MHS_0004,2026-09-09 13:14:56.417,STr. Bisnis Digital,1,3,3,3,3,3,3,3,3,3,3,3,3,3,3,3,3,3,3,2,3,3,3,3,3,3,3,3,3,3,3,3,3,3,3,3,3,3,3,3,3,3,3,3,2,3,3,2,3,3,2,2,2,3,3,3,3,3,4
MHS_0005,2026-09-09 13:15:43.711,STr./D3 Teknik Telekomunikasi,1,3,3,3,3,3,3,3,3,3,3,3,3,3,3,3,3,3,3,3,3,3,3,3,3,3,3,3,3,3,3,3,3,3,3,3,3,3,3,3,3,3,3,3,3,3,3,2,3,3,3,3,2,2,2,3,3,3,3
MHS_0006,2026-09-09 13:15:58.677,STr. Sistem Pembangkit Energi,3,4,4,4,4,4,4,4,4,4,4,4,4,4,4,4,4,4,4,4,4,4,4,4,4,4,4,4,4,4,4,4,4,4,4,4,4,4,4,4,4,4,4,4,4,4,4,4,4,4,4,4,4,4,4,4,4,4,4
MHS_0007,2026-09-09 13:17:02.493,STr./D3 Teknik Elektro Industri,8,3,3,3,3,3,3,3,3,3,3,3,3,3,3,3,3,3,3,3,3,3,3,3,3,3,3,3,3,3,3,3,3,3,3,3,3,3,3,3,3,3,2,3,4,3,3,3,3,3,3,3,3,1,1,3,3,3,3
MHS_0008,2026-09-09 13:17:09.870,STr./D3 Teknik Elektronika,3,4,4,4,4,4,4,4,4,4,4,4,4,3,4,3,4,4,4,4,4,4,3,4,4,4,4,4,4,4,4,3,3,4,4,4,4,4,3,3,4,2,2,3,4,4,4,3,3,3,3,3,3,2,2,2,4,4,4
MHS_0009,2026-09-09 13:17:21.308,STr./D3 Teknik Telekomunikasi,5,2,2,2,2,2,2,2,2,2,3,3,3,3,3,3,3,3,3,3,3,3,3,3,3,3,3,3,3,2,2,2,2,2,2,2,2,2,3,3,3,3,3,3,3,3,3,3,3,3,2,2,2,2,2,2,3,3,3
MHS_0010,2026-09-09 13:18:28.378,STr. Teknik Mekatronika,5,3,3,3,3,4,4,3,3,3,3,3,3,3,3,3,3,3,3,3,3,3,2,3,3,3,2,3,3,3,3,3,3,3,3,3,3,3,4,3,3,3,2,3,3,3,3,2,3,3,3,3,3,2,2,3,4,4,4
MHS_0011,2026-09-09 13:18:52.995,STr. Sains Data Terapan,7,3,3,2,3,3,2,2,2,3,3,3,3,3,3,3,3,3,2,2,2,2,2,3,3,2,3,3,3,3,3,3,3,3,3,3,3,3,4,4,3,4,4,4,3,4,4,1,4,3,3,3,2,1,1,3,4,3,4
MHS_0012,2026-09-09 13:18:56.186,STr./D3 Teknik Informatika,5,2,3,3,3,4,2,3,3,2,3,4,2,3,3,3,3,2,2,3,3,3,3,3,4,3,3,3,3,3,2,3,3,2,3,3,3,4,3,3,3,3,3,3,3,3,3,3,3,3,1,1,1,3,3,3,3,3,3
MHS_0013,2026-09-09 13:19:06.724,STr./D3 Teknik Elektronika,3,3,3,3,3,3,3,3,3,3,3,3,3,3,3,3,3,3,3,3,2,2,2,3,2,2,2,2,2,3,3,3,3,3,3,3,3,3,3,4,2,1,1,3,3,3,3,2,2,2,4,4,4,1,1,1,3,3,3
MHS_0014,2026-09-09 13:19:13.918,STr./D3 Teknik Telekomunikasi,3,2,3,3,4,2,4,3,3,3,3,3,3,4,3,3,3,3,2,3,3,3,3,4,3,3,3,4,4,4,4,4,4,3,3,4,3,4,3,4,4,3,3,4,3,2,4,2,2,3,3,3,3,2,3,2,4,4,3
MHS_0015,2026-09-09 13:19:43.958,STr./D3 Teknik Telekomunikasi,3,3,3,3,3,3,3,3,3,3,3,3,3,3,3,3,3,3,3,3,3,3,3,3,3,3,3,3,3,3,3,3,3,3,3,3,3,3,3,3,3,3,3,3,3,3,3,3,3,3,3,3,3,2,3,3,3,3,3
MHS_0016,2026-09-09 13:20:07.117,STr./D3 Teknik Elektronika,5,1,3,2,3,2,3,1,2,2,3,2,3,3,3,3,3,3,3,3,3,2,1,3,2,2,1,3,2,3,3,2,3,2,3,2,3,2,4,1,3,1,1,3,3,3,3,2,2,1,2,3,1,1,2,2,3,3,1
MHS_0017,2026-09-09 13:20:29.829,STr./D3 Teknik Elektro Industri,3,3,3,3,4,3,4,3,4,3,4,3,4,3,3,3,3,4,3,3,3,4,3,3,3,4,3,4,3,4,3,3,3,4,4,4,4,4,2,3,3,4,4,4,3,3,4,2,3,3,2,2,2,1,1,1,3,3,2
MHS_0018,2026-09-09 13:20:49.016,STr./D3 Teknik Informatika,3,3,3,3,3,3,3,3,3,3,3,3,3,3,3,3,3,3,3,3,3,3,3,3,3,3,3,3,3,3,3,3,3,3,3,3,3,3,3,3,3,3,3,3,3,3,3,3,3,3,4,4,4,4,4,4,3,3,3
MHS_0019,2026-09-09 13:20:55.661,STr. Sains Data Terapan,3,2,2,2,3,2,3,2,2,2,2,2,2,3,2,3,2,2,2,2,3,3,3,3,3,3,2,3,3,2,2,2,2,2,3,2,2,3,3,2,3,3,3,3,3,3,3,2,3,2,3,2,3,2,1,4,3,3,3
MHS_0020,2026-09-09 13:21:18.895,STr. Teknologi Rekayasa Internet,3,3,3,3,3,3,4,3,3,4,3,3,3,3,3,3,3,3,3,4,3,3,3,3,3,3,3,3,4,3,3,3,4,3,3,3,3,3,4,4,4,4,4,4,3,4,3,3,3,3,4,4,4,3,4,3,4,3,3
MHS_0021,2026-09-09 13:21:59.748,STr./D3 Teknik Telekomunikasi,3,3,4,3,3,4,3,4,3,4,3,3,3,4,3,4,3,3,3,4,3,3,3,3,3,4,3,4,4,3,3,4,4,3,4,3,4,3,4,4,4,3,3,4,4,4,3,3,3,3,2,3,4,4,4,3,3,3,3
MHS_0022,2026-09-09 13:22:15.745,STr. Teknologi Game,1,4,4,4,4,4,4,4,4,4,4,4,4,4,4,4,4,4,4,4,4,4,4,4,4,4,4,4,4,4,4,4,4,4,4,4,4,4,4,4,4,4,4,4,4,4,4,4,4,4,4,4,4,4,4,4,4,4,4
MHS_0023,2026-09-09 13:22:36.868,STr./D3 Teknik Informatika,3,3,3,3,3,3,3,3,3,3,3,3,3,3,3,3,3,3,3,3,3,3,3,3,3,3,3,3,3,3,3,3,3,3,3,3,3,3,3,3,3,3,3,3,3,3,3,4,4,4,3,4,4,3,3,3,4,4,4
MHS_0024,2026-09-09 13:23:20.814,STr./D3 Teknik Elektro Industri,3,4,4,4,4,4,4,4,4,4,4,4,4,4,4,4,4,4,4,4,4,4,4,4,4,4,4,4,4,4,4,4,4,4,4,4,4,4,4,4,4,3,3,3,3,3,3,3,3,3,4,4,4,2,4,2,4,4,4
MHS_0025,2026-09-09 13:23:36.810,STr./D3 Teknik Informatika,7,3,3,3,3,2,3,3,2,3,3,2,2,3,3,2,3,2,3,3,3,3,2,2,3,1,3,3,3,3,3,3,3,3,3,3,3,3,3,3,3,3,3,3,3,3,3,3,3,3,3,2,3,3,3,3,3,3,3
MHS_0026,2026-09-09 13:24:12.683,STr./D3 Teknik Elektronika,5,3,3,4,4,3,4,3,4,4,3,4,4,4,4,3,3,3,3,4,3,4,3,4,4,4,4,4,4,4,4,3,3,3,4,4,4,4,4,4,4,3,3,4,4,4,4,3,3,3,4,4,4,3,3,3,4,4,4
MHS_0027,2026-09-09 13:24:20.506,STr./D3 Teknik Telekomunikasi,5,4,4,4,4,4,4,4,4,4,4,4,4,4,4,4,4,4,4,4,4,4,4,4,4,4,4,4,4,4,4,4,4,4,4,4,4,4,4,4,4,3,3,4,4,4,4,4,4,3,3,3,3,2,2,4,4,4,4
MHS_0028,2026-09-09 13:24:40.465,STr. Sains Data Terapan,7,1,1,1,1,1,1,2,2,2,3,3,3,3,3,3,3,3,3,3,2,2,2,2,2,2,2,2,2,2,2,2,2,2,2,2,2,2,2,2,2,2,2,2,2,2,2,2,2,2,2,2,2,2,2,2,2,2,2
MHS_0029,2026-09-09 13:24:55.267,STr./D3 Teknik Elektronika,3,3,3,2,2,2,3,3,2,2,3,3,2,2,2,3,3,3,2,3,3,3,3,3,3,3,3,3,2,3,3,2,2,3,3,3,2,2,3,3,2,2,2,3,3,2,3,2,2,2,3,2,3,1,1,3,3,3,3
MHS_0030,2026-09-09 13:24:58.567,D3 Multimedia Broadcasting,3,3,3,3,3,3,3,2,3,3,4,3,3,3,3,3,3,3,3,3,3,3,3,3,3,3,3,3,3,3,3,3,3,3,3,3,3,3,3,3,3,3,4,3,2,2,2,3,4,3,3,3,3,3,3,3,3,4,3
MHS_0031,2026-09-09 13:25:11.955,STr./D3 Teknik Telekomunikasi,1,3,3,2,2,1,2,2,3,3,2,3,3,2,4,3,3,3,2,2,3,3,3,3,3,3,3,2,3,2,3,2,3,2,3,2,2,4,4,3,4,3,3,3,3,3,3,2,2,3,3,3,1,1,1,4,4,4,2
MHS_0032,2026-09-09 13:25:23.109,STr./D3 Teknik Telekomunikasi,3,3,3,3,2,3,2,2,2,2,3,3,2,2,3,3,3,3,2,2,3,3,3,3,3,3,2,2,2,3,3,3,3,3,3,2,3,3,3,3,2,3,2,3,3,3,3,2,2,2,2,2,3,1,1,1,3,3,2
MHS_0033,2026-09-09 13:25:54.573,STr./D3 Teknik Elektronika,5,3,3,3,3,3,3,3,3,3,3,3,4,4,3,4,3,3,4,4,4,3,3,3,4,3,3,3,4,3,4,4,3,4,4,3,3,3,2,2,2,2,2,2,3,3,3,1,2,2,1,1,1,1,1,1,1,1,1
MHS_0034,2026-09-09 13:26:20.453,STr./D3 Teknik Telekomunikasi,5,3,4,4,4,3,2,2,3,3,3,4,4,4,4,2,2,3,3,3,3,3,3,3,3,3,3,3,3,3,3,3,3,3,3,3,3,3,3,2,3,3,3,3,3,3,4,1,1,1,3,3,3,1,1,4,4,4,4
MHS_0035,2026-09-09 13:27:03.108,STr./D3 Teknik Elektro Industri,8,3,3,3,3,3,3,3,3,3,3,3,3,3,3,3,3,3,3,3,3,3,3,3,3,3,3,3,3,3,3,3,3,3,3,3,3,3,3,3,3,3,3,3,3,3,3,3,3,3,3,3,3,2,2,3,3,3,3
MHS_0036,2026-09-09 13:27:23.245,STr./D3 Teknik Telekomunikasi,3,3,3,3,3,3,3,3,3,3,3,3,3,3,3,3,3,3,3,3,4,4,4,4,4,4,4,4,4,3,3,3,3,3,3,3,3,3,3,3,2,3,3,3,3,3,3,3,3,3,3,3,3,3,3,3,4,3,3
MHS_0037,2026-09-09 13:27:40.695,STr./D3 Teknik Telekomunikasi,3,3,3,4,4,4,4,3,3,3,4,4,4,4,4,3,3,4,3,4,3,4,4,3,4,3,4,4,4,4,4,4,4,3,3,4,3,3,3,3,3,3,3,3,4,4,4,4,4,3,2,2,2,2,2,3,3,4,4
MHS_0038,2026-09-09 13:28:12.452,STr./D3 Teknik Telekomunikasi,3,3,4,3,3,3,3,3,3,4,3,3,3,4,3,3,3,3,3,3,3,4,3,4,3,3,3,3,3,3,3,3,3,3,3,3,3,4,4,3,4,4,3,4,3,4,4,2,4,3,3,4,3,2,3,4,4,4,4
MHS_0039,2026-09-09 13:28:27.380,STr./D3 Teknik Telekomunikasi,5,4,4,4,4,4,4,4,4,4,4,4,4,4,4,4,4,4,4,4,4,4,4,4,4,4,4,4,4,4,4,4,4,4,4,4,4,4,4,4,4,4,4,4,4,4,4,4,4,4,4,4,4,2,3,4,4,4,4
MHS_0040,2026-09-09 13:29:09.086,STr./D3 Teknik Elektro Industri,5,3,3,3,2,2,1,1,2,1,2,2,3,2,2,2,2,2,2,2,2,2,2,2,2,2,2,2,2,2,2,2,2,2,2,2,2,2,2,2,2,1,1,1,2,2,2,2,2,2,2,2,2,1,1,1,2,2,2
MHS_0041,2026-09-09 13:30:04.894,D3 Multimedia Broadcasting,3,3,3,3,3,3,3,3,3,3,3,3,3,3,3,3,3,3,3,3,2,3,4,2,2,3,3,2,4,2,3,3,2,2,2,2,3,3,3,3,2,4,4,4,4,4,4,3,3,3,4,4,4,1,1,1,4,4,4
MHS_0042,2026-09-09 13:31:19.103,STr. Teknologi Game,7,3,3,3,3,3,3,3,3,3,1,1,1,1,2,2,1,2,1,1,3,3,3,3,2,3,2,3,4,2,3,3,2,3,2,3,2,3,3,2,2,2,2,2,3,3,3,2,2,2,3,2,2,1,1,1,3,3,1
MHS_0043,2026-09-09 13:31:47.260,D3 Multimedia Broadcasting,3,3,3,4,4,3,4,4,4,4,3,3,4,3,3,4,4,4,3,4,3,3,3,3,3,4,4,4,4,3,3,4,4,3,4,3,3,3,4,4,4,4,4,4,3,4,3,3,3,3,4,4,4,2,2,2,3,3,3
MHS_0044,2026-09-09 13:31:56.738,STr. Sains Data Terapan,7,3,2,2,4,3,4,4,4,4,3,4,3,4,3,4,4,3,4,4,3,4,3,4,4,4,4,4,4,3,4,3,3,4,4,4,3,4,4,4,4,4,4,4,4,4,4,4,3,3,4,4,4,2,2,4,4,4,4
MHS_0045,2026-09-09 13:32:55.654,D3 Multimedia Broadcasting,3,4,2,1,2,2,4,1,2,1,3,3,3,2,2,2,3,3,2,2,4,4,4,4,4,4,4,4,4,2,2,2,2,3,2,1,2,4,4,4,4,2,2,4,3,3,3,1,1,1,1,1,1,1,1,1,4,4,4
MHS_0046,2026-09-09 13:33:22.578,STr. Sains Data Terapan,5,3,3,3,3,2,3,3,3,3,3,3,3,3,3,3,3,3,3,3,4,4,4,4,4,4,4,4,4,3,3,3,3,3,3,3,3,3,3,3,3,3,3,3,3,3,3,1,1,2,3,3,3,1,1,1,3,3,3
MHS_0047,2026-09-09 13:33:43.953,STr./D3 Teknik Elektro Industri,7,4,3,4,3,4,3,3,3,4,4,4,4,4,4,3,3,4,3,4,4,4,4,4,4,4,4,4,4,4,4,4,3,4,4,4,4,4,4,4,4,4,4,4,4,4,4,4,4,4,4,4,4,2,2,4,4,4,4
MHS_0048,2026-09-09 13:34:12.377,STr. Teknik Mekatronika,1,4,4,4,4,4,4,3,4,4,4,3,3,4,4,4,3,4,4,4,4,4,4,4,4,4,4,4,4,4,4,4,4,4,4,4,4,4,4,4,4,4,4,4,4,4,4,4,4,4,3,3,4,3,3,4,4,4,4
MHS_0049,2026-09-09 13:34:19.096,STr. Teknologi Rekayasa Internet,5,3,2,3,3,3,2,1,2,3,3,3,3,3,3,3,3,3,3,3,3,3,3,3,3,3,3,3,3,3,3,3,3,3,3,3,3,3,3,1,2,1,2,3,2,3,3,1,1,1,2,1,3,1,2,2,3,3,2
MHS_0050,2026-09-09 13:35:41.335,STr. Sistem Pembangkit Energi,5,2,2,2,3,2,2,2,2,1,2,2,2,3,3,2,2,2,2,2,3,3,3,3,3,3,2,3,3,3,3,2,3,3,3,2,2,2,1,1,1,3,3,3,3,3,3,2,3,2,2,2,1,1,1,1,3,3,3
MHS_0051,2026-09-09 13:35:54.119,D3 PSDKU Lamongan,3,4,3,3,4,4,3,4,3,3,4,4,3,4,4,4,4,3,3,3,4,4,4,4,4,4,4,4,4,3,3,3,4,4,3,3,3,3,4,4,3,3,3,4,4,4,4,3,4,4,3,2,3,4,4,4,4,4,4
MHS_0052,2026-09-09 13:36:07.039,STr. Teknik Komputer,3,3,2,3,4,4,3,4,3,2,3,2,2,4,3,3,3,2,3,2,4,4,4,4,4,4,3,4,4,4,3,3,4,4,4,4,4,4,3,3,3,3,2,3,4,3,4,4,4,3,3,3,4,2,2,3,4,4,3
MHS_0053,2026-09-09 13:36:08.428,STr./D3 Teknik Informatika,3,3,3,3,3,3,3,3,3,3,3,3,3,3,3,3,3,3,3,3,3,3,3,3,3,3,3,3,3,3,3,3,3,3,3,3,3,3,3,2,2,3,3,3,3,3,3,2,3,3,4,4,4,2,2,4,3,3,3
MHS_0054,2026-09-09 13:36:13.036,STr./D3 Teknik Telekomunikasi,3,2,2,2,3,2,2,2,2,2,2,2,2,3,2,2,2,3,3,2,2,3,3,1,2,2,2,2,2,2,2,3,3,2,2,2,2,2,2,2,2,2,3,3,3,3,3,3,3,2,4,3,3,2,2,2,3,3,3
MHS_0055,2026-09-09 13:36:22.857,STr./D3 Teknik Informatika,3,4,3,4,3,4,3,4,3,4,3,3,3,3,3,3,3,1,2,2,3,3,2,2,3,2,3,2,3,4,3,4,3,4,4,4,3,4,3,3,3,3,3,3,2,1,4,1,1,1,3,2,2,4,3,3,4,4,2
MHS_0056,2026-09-09 13:36:42.200,STr./D3 Teknik Elektro Industri,5,3,3,3,4,3,3,3,1,3,4,4,3,2,2,3,3,3,3,3,3,3,3,3,3,3,3,3,3,3,3,3,3,3,3,1,1,2,3,3,3,3,3,3,1,2,4,1,2,1,1,1,4,1,1,4,3,4,4
MHS_0057,2026-09-09 13:37:07.275,STr./D3 Teknik Informatika,7,3,3,3,3,3,3,2,3,3,3,3,3,3,3,3,3,3,3,3,3,3,1,3,3,3,3,3,3,3,3,3,3,3,3,3,3,3,3,2,3,3,3,3,3,3,3,1,1,1,3,3,3,1,1,1,3,3,3
MHS_0058,2026-09-09 13:37:27.700,STr. Sistem Pembangkit Energi,1,3,3,3,3,3,3,4,3,3,4,4,3,4,3,3,4,3,3,2,4,4,3,4,4,2,3,3,3,4,4,3,4,3,3,3,3,4,4,4,4,3,4,4,3,4,4,2,3,2,4,4,4,2,3,4,4,4,3
MHS_0059,2026-09-09 13:37:31.891,STr./D3 Teknik Elektronika,5,3,3,3,3,3,3,4,3,2,3,3,3,3,3,3,4,3,2,4,3,3,3,3,3,3,4,3,3,3,3,3,3,3,3,3,3,3,3,3,3,2,2,3,3,3,3,2,2,2,3,3,3,1,1,3,3,3,3
MHS_0060,2026-09-09 13:38:20.321,STr./D3 Teknik Elektro Industri,3,3,3,3,3,3,3,3,3,3,3,3,3,3,3,3,3,3,3,3,3,3,3,3,3,3,3,3,3,3,3,3,3,3,3,3,3,3,3,3,3,3,3,3,3,3,3,3,3,3,3,3,3,3,3,3,3,3,3
MHS_0061,2026-09-09 13:38:40.036,STr. Teknik Mekatronika,3,3,3,2,3,3,2,1,2,3,3,3,3,3,3,3,3,2,4,4,3,3,3,3,3,3,3,3,3,3,3,3,3,3,3,3,3,3,4,4,4,4,4,4,4,4,4,1,2,2,3,2,3,1,2,3,3,4,2
MHS_0062,2026-09-09 13:40:05.320,STr./D3 Teknik Informatika,7,3,3,3,3,3,2,3,3,3,3,3,3,3,3,3,3,3,3,3,3,3,1,3,1,2,3,3,3,3,3,3,3,3,3,3,3,3,3,3,3,3,3,3,3,3,3,3,3,3,2,2,3,1,1,1,3,3,3
MHS_0063,2026-09-09 13:41:02.701,STr./D3 Teknik Telekomunikasi,1,4,4,4,4,4,4,4,4,4,4,4,4,4,4,4,4,4,4,4,4,4,4,4,4,4,4,4,4,4,4,4,4,4,4,4,4,4,4,4,4,4,4,4,4,4,4,4,4,4,4,4,4,4,4,4,4,4,4
MHS_0064,2026-09-09 13:41:05.134,STr. Teknologi Game,3,2,2,2,3,3,2,2,2,3,2,3,3,4,3,3,3,4,3,3,3,3,3,3,3,3,3,3,3,3,3,3,3,3,3,3,3,3,3,2,3,3,4,4,3,3,4,2,2,2,3,3,3,1,1,3,3,3,3
MHS_0065,2026-09-09 13:41:42.343,STr. Teknik Mekatronika,3,3,3,3,3,3,3,3,3,3,3,3,3,3,3,3,3,3,3,3,3,3,3,3,3,3,3,3,3,3,3,3,3,3,3,3,3,3,3,3,3,3,3,3,3,3,3,3,3,3,3,2,3,3,3,3,3,3,3
MHS_0066,2026-09-09 13:41:59.743,STr. Teknologi Game,5,3,3,3,4,3,3,3,3,3,2,2,2,2,2,2,3,2,2,3,3,3,3,4,3,3,3,3,3,3,3,2,4,3,3,3,3,3,3,3,3,4,4,4,3,3,3,3,3,2,3,3,3,1,1,4,3,3,1
MHS_0067,2026-09-09 13:42:44.171,STr. Sistem Pembangkit Energi,3,4,4,4,4,4,4,4,4,4,4,4,4,4,4,4,4,4,3,4,4,4,4,4,4,4,4,4,4,4,4,4,4,4,4,4,4,4,3,3,3,3,3,4,4,4,4,2,4,4,3,3,3,1,2,1,4,4,4
MHS_0068,2026-09-09 13:44:37.484,STr. Teknik Komputer,3,3,3,3,3,3,3,3,3,3,3,3,3,3,3,3,3,3,3,3,3,3,3,3,3,3,3,3,3,3,3,3,3,3,3,3,3,3,3,3,3,3,3,3,3,3,3,4,4,4,4,4,4,4,4,4,4,4,4
MHS_0069,2026-09-09 13:44:51.804,STr./D3 Teknik Telekomunikasi,3,4,4,4,4,4,4,4,4,4,4,4,4,4,4,4,4,4,4,4,4,4,4,4,4,4,4,4,4,4,4,4,4,4,4,4,4,4,4,4,4,4,4,4,4,4,4,4,4,4,4,4,4,4,4,4,4,4,4
MHS_0070,2026-09-09 13:45:08.597,D3 Multimedia Broadcasting,5,4,4,4,4,4,4,4,4,4,4,4,4,4,4,4,4,4,4,4,4,4,4,4,4,4,4,4,4,4,4,4,4,4,4,4,4,4,3,4,4,4,4,4,4,4,4,4,4,4,4,4,4,4,4,4,4,4,4
MHS_0071,2026-09-09 13:45:48.830,STr. Teknik Mekatronika,1,3,3,3,3,3,3,3,3,3,3,3,3,3,3,3,3,3,3,3,3,3,3,3,3,3,3,3,3,3,3,3,3,3,3,3,3,3,3,3,3,4,4,4,4,4,4,3,3,3,4,4,4,3,3,3,3,3,3
MHS_0072,2026-09-09 13:45:54.520,STr. Teknologi Game,3,4,3,4,3,2,3,3,3,2,3,3,3,3,3,3,3,3,3,3,3,3,3,3,3,3,3,3,3,3,3,3,3,3,3,3,3,3,3,3,3,3,3,3,4,3,4,1,1,1,3,3,3,1,1,1,3,3,3
MHS_0073,2026-09-09 13:47:52.173,STr. Teknologi Game,1,3,4,3,3,3,3,3,3,3,4,4,4,3,3,3,3,3,3,3,3,3,3,3,3,3,3,3,3,4,3,3,3,3,3,3,3,3,4,4,3,4,4,4,4,3,3,3,2,3,4,4,4,4,4,3,4,4,4
MHS_0074,2026-09-09 13:48:28.278,STr./D3 Teknik Elektro Industri,3,2,2,3,3,3,3,3,3,3,3,3,3,3,3,3,3,3,2,3,3,3,3,3,3,3,3,3,3,3,3,3,3,3,3,3,3,3,2,2,2,2,2,2,3,1,2,2,3,2,3,2,3,1,1,3,3,3,2
MHS_0075,2026-09-09 13:49:33.918,STr./D3 Teknik Elektronika,5,4,4,4,4,4,4,4,4,4,4,4,4,4,4,4,4,4,4,4,4,4,4,4,4,4,4,4,4,4,4,4,4,4,4,4,4,4,4,4,4,4,4,4,4,4,4,4,4,4,4,4,4,4,4,4,4,4,4
MHS_0076,2026-09-09 13:50:33.361,STr. Teknologi Game,1,3,3,3,3,4,3,4,4,4,4,3,4,3,3,4,3,3,3,3,3,3,3,4,3,4,4,4,4,4,4,4,4,4,4,4,4,4,4,4,4,4,4,4,4,4,4,2,3,4,3,3,3,3,3,3,4,4,4
MHS_0077,2026-09-09 13:50:40.769,STr. Teknologi Game,1,3,3,3,3,3,3,3,3,3,3,3,3,3,3,3,3,3,3,3,3,3,3,3,3,3,3,3,3,3,3,3,3,3,3,3,3,3,3,3,3,3,3,3,3,3,3,2,2,3,3,3,3,3,3,3,3,3,3
MHS_0078,2026-09-09 13:57:34.316,STr./D3 Teknik Telekomunikasi,3,4,3,2,4,3,4,4,3,3,3,3,2,3,4,4,2,3,3,2,4,4,4,4,4,4,4,4,4,4,4,2,3,4,3,3,2,4,4,4,4,3,3,3,3,4,4,3,3,2,4,3,4,2,3,4,3,3,4
MHS_0079,2026-09-09 13:59:33.163,STr./D3 Teknik Elektro Industri,5,3,3,3,3,3,3,3,3,1,3,3,3,3,3,3,3,3,3,3,3,3,3,3,3,3,3,3,3,3,3,3,3,3,3,3,3,3,3,3,3,4,4,4,3,3,3,2,2,2,3,3,3,1,1,1,3,3,3
MHS_0080,2026-09-09 14:00:11.940,STr./D3 Teknik Elektro Industri,3,3,3,2,3,2,3,2,3,3,2,2,2,2,2,2,2,2,2,2,3,3,2,3,3,3,3,3,3,3,4,3,4,3,4,3,4,4,3,4,4,3,4,3,3,4,3,2,3,2,3,4,3,2,2,2,4,3,4
MHS_0081,2026-09-09 14:00:52.242,STr./D3 Teknik Telekomunikasi,3,3,3,2,3,3,2,2,2,2,3,3,2,2,2,3,2,2,3,2,3,2,3,3,3,2,2,3,3,2,3,2,3,2,3,2,3,2,2,2,2,1,1,1,2,2,2,2,2,2,2,2,2,1,1,1,2,2,2
MHS_0082,2026-09-09 14:00:58.059,STr./D3 Teknik Elektro Industri,5,4,3,4,4,3,3,3,3,3,4,3,3,3,3,3,2,3,3,3,3,3,3,3,3,3,3,3,3,3,3,3,3,3,3,3,3,3,3,3,3,3,3,3,3,3,3,2,2,3,3,3,3,2,3,3,3,3,3
MHS_0083,2026-09-09 14:03:58.081,STr./D3 Teknik Elektro Industri,5,2,2,3,3,3,1,2,1,1,1,1,2,2,2,2,2,2,1,3,2,2,2,2,2,2,2,2,2,2,2,2,2,2,2,2,2,2,2,1,1,3,3,3,3,3,3,1,1,1,3,1,2,1,1,1,3,3,3
MHS_0084,2026-09-09 14:04:03.412,STr. Sains Data Terapan,7,4,3,3,3,1,2,1,3,2,4,3,2,4,2,3,2,3,3,4,2,3,2,4,4,4,2,3,3,3,3,4,3,3,4,2,4,2,4,2,4,4,4,4,4,2,4,3,2,2,1,2,1,1,1,1,3,4,3
MHS_0085,2026-09-09 14:07:30.490,STr. Teknik Komputer,1,3,3,3,3,3,3,3,3,3,3,3,3,3,3,3,3,3,3,3,3,3,3,3,3,3,3,3,3,3,3,3,3,3,3,3,3,3,3,3,3,3,3,3,3,3,3,3,3,3,3,3,3,3,3,3,3,3,3
MHS_0086,2026-09-09 14:12:12.708,STr. Teknologi Rekayasa Internet,5,4,4,4,4,4,4,3,3,3,4,4,4,4,4,4,3,3,3,3,3,3,3,3,3,3,2,2,2,4,4,4,4,4,4,3,3,3,4,4,4,4,4,4,4,4,4,4,4,4,4,4,4,2,2,2,4,4,4
MHS_0087,2026-09-09 14:12:30.150,STr./D3 Teknik Telekomunikasi,3,3,3,3,4,3,3,4,2,3,3,4,4,3,4,3,3,3,4,4,3,4,3,4,3,4,3,4,3,4,3,4,3,4,3,4,3,4,4,4,4,4,4,4,4,4,4,4,4,4,4,4,4,2,3,4,4,4,4
MHS_0088,2026-09-09 14:15:58.832,STr. Sistem Pembangkit Energi,3,3,3,2,2,3,2,4,3,3,3,3,2,2,3,3,3,3,3,2,2,2,2,3,3,3,3,3,3,3,4,3,4,2,3,3,2,3,3,2,2,4,2,4,3,3,3,2,3,3,4,3,3,1,2,3,3,4,3
MHS_0089,2026-09-09 14:17:34.579,STr. Teknologi Rekayasa Multimedia,1,3,3,4,4,2,3,1,3,4,4,4,2,4,4,2,1,4,4,4,4,4,4,3,3,4,1,4,4,4,4,4,4,4,4,1,4,4,4,2,4,4,4,4,3,3,3,4,4,4,2,2,2,2,2,3,4,4,4
MHS_0090,2026-09-09 14:23:25.701,STr. Teknik Mekatronika,1,3,3,3,3,3,3,3,3,3,3,3,4,3,4,3,4,4,3,4,4,3,4,3,3,4,4,3,4,4,3,4,4,3,4,3,4,3,4,3,4,4,3,4,4,3,4,4,3,4,4,3,4,4,3,4,4,3,4
MHS_0091,2026-09-09 14:23:56.051,STr./D3 Teknik Elektronika,3,4,4,4,4,4,4,4,4,4,4,4,4,4,4,4,4,4,4,4,4,4,4,4,4,4,4,4,4,4,4,4,4,4,4,4,4,4,4,4,4,4,4,4,4,4,4,4,4,4,4,4,4,4,4,4,4,4,4
MHS_0092,2026-09-09 14:25:10.429,STr. Teknologi Rekayasa Multimedia,1,3,3,2,2,3,3,4,3,4,3,3,3,3,3,3,4,2,2,2,3,3,3,3,3,4,4,3,2,3,3,2,3,3,3,4,3,4,4,3,2,4,4,4,4,4,4,2,1,2,4,4,4,1,1,4,4,4,4
MHS_0093,2026-09-09 14:26:03.673,STr./D3 Teknik Informatika,3,3,3,2,3,3,4,4,3,3,3,3,3,4,3,3,4,3,2,3,3,3,2,2,3,3,3,2,3,3,3,2,2,3,3,4,3,3,3,4,2,2,2,3,3,2,3,1,2,1,3,2,2,1,1,3,3,3,4
MHS_0094,2026-09-09 14:28:31.616,STr./D3 Teknik Informatika,3,2,2,3,3,3,2,2,1,1,3,3,2,3,1,3,2,2,1,3,2,2,3,4,3,3,2,3,1,1,3,3,4,2,3,3,2,1,3,3,3,3,2,3,3,3,3,3,3,3,3,3,2,1,3,3,3,4,2
MHS_0095,2026-09-09 14:39:30.665,STr. Bisnis Digital,3,4,4,4,4,4,4,4,4,4,4,4,4,4,4,4,4,4,4,4,4,4,4,4,4,4,4,4,4,4,4,4,4,4,4,4,4,4,4,4,4,4,4,4,4,4,4,4,4,4,4,4,4,3,3,4,4,4,4
MHS_0096,2026-09-09 14:45:33.439,STr./D3 Teknik Elektronika,5,3,3,3,3,3,3,3,3,3,3,3,3,3,3,3,3,3,4,4,3,4,3,4,4,3,3,3,3,3,3,3,3,3,3,3,3,3,4,2,2,2,2,4,3,3,4,3,3,3,3,2,2,2,2,4,4,4,4
MHS_0097,2026-09-09 14:49:37.586,D3 Multimedia Broadcasting,3,2,3,2,3,3,3,3,3,3,3,3,3,3,3,3,3,3,3,3,4,3,3,3,3,3,3,3,3,4,4,3,3,3,3,3,3,3,4,4,4,3,3,3,3,3,3,3,3,3,3,3,3,3,3,3,4,4,4
MHS_0098,2026-09-09 14:52:39.452,STr./D3 Teknik Elektro Industri,3,4,4,4,4,4,4,4,4,4,4,4,4,4,4,4,4,4,4,4,4,4,4,4,4,4,4,4,4,4,4,4,4,4,4,4,4,4,4,4,4,4,4,4,4,4,4,4,4,4,4,4,4,4,4,4,4,4,4
MHS_0099,2026-09-09 14:55:29.619,STr. Teknik Mekatronika,3,3,3,3,3,3,3,3,3,3,3,3,3,3,3,3,2,3,3,3,3,3,3,3,3,3,3,3,3,3,3,3,3,3,3,3,3,3,3,3,3,3,3,3,2,2,3,2,2,2,2,2,3,1,1,1,2,3,2
MHS_0100,2026-09-09 14:57:59.020,STr. Teknik Komputer,7,3,3,3,3,3,3,3,3,3,3,3,3,3,3,3,3,3,3,3,3,3,3,3,3,3,3,3,3,3,3,3,3,3,3,3,3,3,3,3,3,3,3,3,3,3,3,2,3,2,3,3,3,2,2,2,3,3,3
MHS_0101,2026-09-09 14:57:59.144,STr./D3 Teknik Telekomunikasi,5,3,3,3,4,4,4,4,3,2,2,4,2,4,3,4,4,2,4,4,4,4,4,4,4,4,4,4,4,3,3,3,4,4,4,3,4,3,3,4,3,3,3,3,3,3,4,2,4,4,2,2,4,2,3,4,4,4,4
MHS_0102,2026-09-09 14:58:40.519,STr. Teknik Mekatronika,1,2,3,2,3,4,1,1,2,3,2,2,2,2,2,1,1,3,3,3,1,3,2,3,3,1,1,2,3,2,2,3,2,2,2,1,2,4,4,4,4,2,2,3,2,2,3,2,2,2,2,2,4,1,1,1,4,4,4
MHS_0103,2026-09-09 14:58:51.359,D3 PSDKU Lamongan,6,4,4,4,4,4,3,4,3,4,4,3,4,4,4,4,4,4,4,4,4,4,4,4,4,4,4,3,4,4,4,4,4,4,4,4,4,4,4,4,3,4,4,4,4,4,4,3,3,4,4,4,4,3,4,4,4,4,4
MHS_0104,2026-09-09 14:59:08.671,STr. Teknik Mekatronika,7,4,4,4,4,4,4,4,4,4,3,3,3,3,3,3,3,3,3,3,3,3,3,3,3,3,2,3,3,3,3,3,3,3,3,3,3,3,3,2,2,2,2,2,3,2,2,2,3,3,3,3,2,1,1,4,4,3,2
MHS_0105,2026-09-09 15:02:09.342,STr./D3 Teknik Informatika,3,3,3,3,3,3,3,3,3,4,3,3,3,3,3,3,4,3,3,3,3,3,3,3,3,3,3,3,3,2,2,3,2,2,2,2,2,2,4,4,4,4,4,4,4,4,3,2,3,3,2,2,3,3,3,3,3,3,3
MHS_0106,2026-09-09 15:02:16.801,STr./D3 Teknik Telekomunikasi,3,4,4,4,4,4,4,4,4,4,4,4,4,4,4,4,4,4,4,4,4,4,4,4,4,4,4,4,4,4,4,4,4,4,4,4,4,4,4,4,4,4,4,4,4,4,4,4,4,4,4,4,4,4,4,4,4,4,4
MHS_0107,2026-09-09 15:05:37.090,STr./D3 Teknik Telekomunikasi,5,4,4,4,4,4,4,4,4,4,4,4,4,4,4,4,4,4,4,4,4,4,4,4,4,4,4,4,4,4,4,4,4,4,4,4,4,4,4,4,4,4,4,4,4,4,4,4,4,4,4,4,4,4,4,4,4,4,4
MHS_0108,2026-09-09 15:07:16.463,STr./D3 Teknik Informatika,3,4,4,4,4,4,4,4,4,4,4,4,4,4,4,4,4,4,4,4,4,4,4,4,4,4,4,4,4,4,4,4,4,4,4,4,4,4,4,2,2,3,2,3,3,3,3,1,2,2,1,2,4,1,1,2,4,4,4
MHS_0109,2026-09-09 15:10:44.703,STr./D3 Teknik Elektronika,1,3,3,3,3,3,3,3,3,3,3,3,3,3,3,3,3,3,3,3,3,3,3,3,3,3,3,3,3,3,3,3,3,3,3,3,3,3,3,3,3,3,3,3,3,3,3,3,3,3,3,3,2,2,2,2,2,2,2
MHS_0110,2026-09-09 15:10:54.398,STr. Teknologi Game,3,3,3,3,3,3,3,3,2,1,3,3,3,4,4,3,3,3,2,3,4,4,4,4,4,2,3,3,4,3,3,3,4,3,3,3,3,3,4,2,2,3,3,3,4,3,4,1,2,1,3,2,4,1,4,4,4,3,3
MHS_0111,2026-09-09 15:11:05.954,STr./D3 Teknik Informatika,3,3,3,3,3,3,3,3,3,3,3,3,4,3,2,3,4,3,3,3,3,3,4,4,3,3,3,4,3,4,3,3,2,3,4,3,3,3,3,3,3,3,3,3,3,3,3,3,3,2,2,3,3,2,2,2,2,3,2
MHS_0112,2026-09-09 15:12:45.142,STr./D3 Teknik Elektronika,5,4,3,2,2,3,2,2,2,3,3,3,3,3,3,3,3,3,3,3,3,3,3,3,3,3,3,3,3,3,3,3,3,4,3,4,3,3,2,3,3,2,2,2,3,3,3,2,2,2,3,2,3,1,1,3,3,3,3
MHS_0113,2026-09-09 15:13:14.078,STr. Teknologi Rekayasa Perancangan Manufaktur,1,4,4,4,4,4,4,4,4,4,4,4,3,4,4,4,4,4,4,3,4,4,4,4,4,4,4,4,4,4,4,4,4,4,4,4,4,4,4,4,4,4,4,4,4,4,4,3,4,4,3,3,4,3,3,4,4,4,2
MHS_0114,2026-09-09 15:17:12.844,STr./D3 Teknik Elektro Industri,3,3,2,3,3,3,3,1,2,1,3,3,3,3,3,3,3,3,3,3,3,3,3,3,3,3,3,3,3,3,3,2,3,3,3,3,3,3,2,2,2,2,2,3,2,2,3,1,2,1,2,2,3,1,2,4,3,3,4
MHS_0115,2026-09-09 15:18:47.943,STr./D3 Teknik Informatika,3,3,3,2,3,2,3,1,3,4,3,3,4,3,3,3,4,4,4,4,4,4,4,4,4,4,3,4,4,3,3,3,3,3,2,2,4,3,4,4,4,4,4,4,3,3,4,3,2,1,2,1,4,1,1,1,3,4,2
MHS_0116,2026-09-09 15:28:24.805,STr./D3 Teknik Elektronika,1,2,3,3,2,3,3,3,3,3,3,2,2,3,2,2,3,3,3,3,2,2,2,2,2,2,2,2,2,3,3,3,3,3,3,3,3,3,3,3,2,3,2,3,2,3,3,4,2,2,3,2,2,1,1,2,2,3,4
MHS_0117,2026-09-09 15:32:40.369,STr./D3 Teknik Telekomunikasi,8,3,3,3,3,3,3,3,3,3,3,3,3,3,3,3,3,3,3,3,3,3,3,3,3,3,3,3,3,3,3,3,3,3,3,3,3,3,3,3,3,3,3,3,3,3,3,3,3,3,3,3,3,2,2,3,3,3,3
MHS_0118,2026-09-09 15:33:22.545,STr./D3 Teknik Informatika,3,4,4,4,4,4,4,4,4,4,4,4,4,4,4,4,4,4,4,4,4,4,4,4,4,4,4,4,4,4,4,4,4,4,4,4,4,4,4,4,4,4,4,4,4,4,4,4,4,4,4,4,4,4,4,4,4,4,4
MHS_0119,2026-09-09 15:35:31.121,STr. Sains Data Terapan,3,3,3,3,3,3,2,1,3,3,2,2,3,3,3,2,1,3,2,4,3,3,3,4,4,3,2,3,3,3,3,3,3,3,3,3,3,4,4,4,4,4,4,4,3,4,4,2,3,3,4,4,4,3,3,4,4,4,4
MHS_0120,2026-09-09 15:49:47.713,STr./D3 Teknik Elektro Industri,5,4,4,4,4,4,3,3,2,3,3,3,3,3,3,3,3,3,3,3,3,3,3,3,3,3,3,3,3,3,3,3,3,3,3,3,3,3,3,3,3,3,3,3,3,3,3,3,3,3,2,2,3,1,2,1,3,3,3
MHS_0121,2026-09-09 15:50:54.161,D3 PSDKU Lamongan,5,3,3,2,2,3,3,3,2,2,3,3,2,3,3,3,3,2,3,3,3,3,3,3,3,3,4,3,3,3,3,3,3,3,4,4,3,4,3,2,3,2,2,3,3,3,3,3,2,3,2,3,3,3,3,3,3,3,3
MHS_0122,2026-09-09 15:51:26.769,STr./D3 Teknik Telekomunikasi,1,4,4,4,4,4,4,4,4,2,3,4,4,3,4,4,4,4,4,3,4,4,4,4,4,4,4,4,4,4,4,4,3,3,4,3,4,4,3,3,4,4,4,4,3,4,4,2,4,3,3,3,3,2,3,3,4,4,4
MHS_0123,2026-09-09 15:56:40.263,STr. Sains Data Terapan,7,3,4,3,3,4,4,4,4,3,3,3,4,3,3,4,4,3,4,4,4,4,3,3,4,4,3,4,3,4,4,3,4,4,3,3,2,3,3,3,4,4,3,4,3,3,4,1,3,3,3,3,4,3,4,4,2,3,2
MHS_0124,2026-09-09 15:58:01.521,STr./D3 Teknik Elektro Industri,3,3,3,3,3,3,3,3,3,3,3,3,3,3,2,3,3,3,2,3,3,3,3,3,3,3,3,3,3,3,3,3,3,3,3,3,3,3,3,3,3,2,2,3,3,3,3,3,3,3,3,3,3,1,1,1,3,3,3
MHS_0125,2026-09-09 16:02:43.646,STr. Teknik Mekatronika,3,4,3,4,4,4,3,4,4,3,3,4,4,4,4,3,4,4,4,3,4,4,3,4,4,3,4,3,4,4,3,3,3,4,3,4,4,4,3,4,4,3,3,3,3,3,3,2,3,3,2,2,3,2,2,2,3,3,4
MHS_0126,2026-09-09 16:06:20.554,STr./D3 Teknik Telekomunikasi,8,2,3,3,3,3,2,1,2,3,2,2,3,3,3,1,1,1,3,3,3,3,3,3,3,3,3,3,3,3,2,3,3,3,3,1,2,3,3,3,3,2,3,3,3,3,3,3,3,3,2,1,3,1,1,1,2,3,1
MHS_0127,2026-09-09 16:09:42.923,D3 Multimedia Broadcasting,1,3,3,3,3,3,3,3,3,3,3,3,3,3,3,3,3,3,3,3,3,3,3,3,3,3,3,3,3,3,3,3,3,3,3,3,3,3,3,3,3,3,3,3,3,3,3,4,4,3,4,3,4,4,4,4,4,4,4
MHS_0128,2026-09-09 16:14:21.279,STr. Sistem Pembangkit Energi,3,3,3,3,3,3,4,4,2,2,3,3,2,3,3,3,3,2,3,1,2,3,2,3,3,4,4,2,3,3,3,2,3,3,3,3,3,1,3,2,2,2,2,4,4,2,4,2,2,2,4,4,2,1,1,1,3,3,1
MHS_0129,2026-09-09 16:17:11.944,STr./D3 Teknik Elektronika,3,4,3,3,4,4,2,3,3,4,4,3,3,3,4,3,3,3,4,4,4,4,3,3,4,4,4,4,4,4,3,3,4,3,3,4,4,4,3,3,3,3,2,4,4,3,3,3,2,3,3,2,3,2,2,4,4,4,3
MHS_0130,2026-09-09 16:27:53.539,STr./D3 Teknik Elektro Industri,5,3,3,3,4,4,3,3,3,3,3,3,3,3,3,3,3,3,3,3,3,3,3,3,3,3,3,3,3,3,3,3,3,3,3,3,3,3,4,2,3,3,3,4,3,3,3,2,2,3,4,3,3,2,3,4,4,3,4
MHS_0131,2026-09-09 16:51:13.439,D3 Multimedia Broadcasting,1,3,3,4,3,3,4,4,3,3,3,3,3,2,3,4,4,3,3,3,4,4,2,4,3,3,3,3,2,3,3,3,3,3,3,3,3,3,3,4,2,3,3,3,2,3,2,4,3,3,4,4,3,3,1,3,4,4,4
MHS_0132,2026-09-09 16:55:16.872,STr./D3 Teknik Telekomunikasi,5,3,4,4,4,4,4,4,4,4,4,4,4,4,4,4,4,4,4,4,4,4,4,4,4,4,4,4,4,4,4,4,4,4,4,4,4,4,4,4,4,4,4,4,4,4,4,2,2,2,2,2,3,2,3,4,4,4,4
MHS_0133,2026-09-09 17:02:52.168,STr./D3 Teknik Informatika,5,4,3,4,3,4,3,3,4,4,4,3,4,4,3,4,3,4,3,3,3,4,3,4,4,3,4,4,3,3,4,4,3,4,4,4,3,4,4,3,4,4,4,4,4,3,4,4,3,3,3,3,3,1,1,1,3,4,4
MHS_0134,2026-09-09 17:03:22.020,D3 PSDKU Sumenep,3,3,3,3,3,3,3,3,3,3,3,3,3,3,3,3,3,3,3,3,3,3,3,3,3,3,3,3,3,3,3,3,3,3,3,3,3,3,3,3,3,3,3,3,3,3,3,3,3,3,3,3,3,3,3,3,3,3,3
MHS_0135,2026-09-09 17:04:28.917,STr./D3 Teknik Informatika,3,2,2,3,3,3,3,3,3,3,4,3,2,3,3,3,4,3,3,3,3,4,3,3,3,3,3,3,3,3,4,3,4,4,4,3,3,3,4,3,4,4,3,4,3,2,4,3,2,3,3,3,3,2,2,4,4,4,4
MHS_0136,2026-09-09 17:08:16.314,STr./D3 Teknik Telekomunikasi,5,3,3,3,3,3,3,3,2,2,3,3,2,3,3,3,3,3,3,3,3,3,3,3,3,3,3,3,3,4,4,3,3,3,3,4,3,3,3,2,2,1,2,4,2,2,4,1,2,1,4,3,3,1,1,4,3,3,1
MHS_0137,2026-09-09 17:10:49.997,STr./D3 Teknik Telekomunikasi,7,3,3,3,3,3,3,3,3,3,2,2,2,1,1,2,3,3,1,3,3,3,3,3,3,3,3,3,3,3,3,3,3,3,3,3,3,3,2,2,3,2,2,3,3,3,3,3,3,3,2,2,3,1,2,4,3,3,3
MHS_0138,2026-09-09 17:19:42.854,STr. Teknologi Game,3,3,2,3,3,2,3,3,3,1,2,2,3,2,3,3,3,2,1,2,3,3,3,3,3,3,3,3,3,3,2,3,3,2,3,2,3,3,2,1,1,2,1,3,3,1,3,1,1,2,1,1,1,1,1,1,2,3,1
MHS_0139,2026-09-09 17:50:18.528,STr./D3 Teknik Elektro Industri,8,3,3,3,3,3,3,3,3,3,4,4,4,4,4,4,4,4,4,4,3,3,3,3,3,3,3,3,3,3,3,3,3,3,3,3,3,3,3,3,3,3,3,3,3,3,3,3,3,3,3,3,3,3,3,3,3,3,3
MHS_0140,2026-09-09 17:52:30.017,STr./D3 Teknik Elektro Industri,1,3,3,3,3,3,3,3,3,3,3,3,3,3,3,3,3,3,3,3,3,3,3,3,3,3,3,3,3,3,3,3,3,3,3,3,3,3,3,3,3,3,3,3,3,3,3,1,1,1,3,3,3,3,3,3,3,3,3
MHS_0141,2026-09-09 18:00:53.154,STr. Teknologi Rekayasa Multimedia,3,3,3,3,3,3,3,4,3,3,4,4,4,4,4,4,4,4,4,4,3,4,4,4,4,4,4,4,3,4,4,4,4,4,4,4,4,4,4,4,4,4,4,4,4,4,4,4,4,4,3,3,3,1,3,4,4,3,4
MHS_0142,2026-09-09 18:14:15.111,STr./D3 Teknik Telekomunikasi,1,3,3,3,3,3,3,3,3,3,3,3,3,3,3,3,3,3,3,3,3,3,3,3,3,3,3,3,3,3,3,3,3,3,3,3,3,3,3,3,3,3,3,3,3,3,2,2,2,2,3,3,3,1,2,3,3,3,1
MHS_0143,2026-09-09 18:22:18.040,STr. Teknologi Rekayasa Keselamatan (K3),1,4,4,4,3,3,4,4,4,3,4,3,3,4,4,4,4,3,4,4,4,4,3,3,3,4,4,4,4,4,4,4,4,4,4,4,4,4,4,3,3,4,3,4,4,3,4,3,4,3,4,3,3,2,3,4,4,4,3
MHS_0144,2026-09-09 18:36:03.559,STr./D3 Teknik Elektronika,1,4,4,4,4,4,4,4,4,4,4,4,4,4,4,4,4,4,4,4,4,4,4,4,4,4,4,4,4,4,4,4,4,4,4,4,4,4,4,4,4,4,4,4,4,4,4,3,3,4,3,3,3,2,2,4,4,4,4
MHS_0145,2026-09-09 18:47:01.154,STr./D3 Teknik Telekomunikasi,1,3,2,2,3,3,2,2,2,3,2,3,2,3,3,2,2,2,3,3,3,3,3,3,3,3,3,3,3,3,3,3,3,3,3,3,3,3,4,4,4,4,4,4,4,4,4,2,3,3,4,4,4,1,1,3,4,4,4
MHS_0146,2026-09-09 18:57:53.190,STr./D3 Teknik Elektronika,1,3,3,4,4,3,3,3,3,3,4,4,4,4,4,4,4,4,3,4,4,4,4,4,3,3,4,3,4,3,4,3,4,3,4,3,4,3,3,3,3,3,3,3,3,3,4,2,2,2,3,3,4,4,4,4,3,3,4
MHS_0147,2026-09-09 18:58:19.861,STr. Sistem Pembangkit Energi,5,4,4,4,4,4,4,4,4,4,4,4,4,4,4,4,4,4,4,4,4,4,4,4,4,4,4,4,4,4,4,4,4,4,4,4,4,4,4,4,4,4,4,4,4,4,4,4,4,4,4,4,4,4,4,4,4,4,4
MHS_0148,2026-09-09 19:26:44.647,STr. Teknologi Game,7,4,4,4,4,4,4,4,4,4,4,4,3,4,4,4,4,4,4,4,4,4,4,4,4,4,4,4,4,4,3,4,4,4,4,4,4,4,4,4,3,3,3,4,3,4,2,1,4,3,3,4,4,2,2,3,3,3,3
MHS_0149,2026-09-09 19:29:04.742,STr./D3 Teknik Telekomunikasi,3,2,2,2,2,2,2,2,2,2,2,2,2,2,2,2,2,2,2,2,2,2,2,2,2,2,2,2,2,2,2,2,2,2,2,2,2,2,2,2,2,2,2,2,2,2,2,2,2,2,2,2,2,2,2,2,2,2,2
MHS_0150,2026-09-09 19:32:34.206,STr./D3 Teknik Elektronika,1,3,4,3,3,3,4,4,4,3,3,3,3,3,3,3,3,3,3,3,3,3,3,3,3,3,3,3,3,3,3,3,3,3,3,3,3,3,4,4,4,3,3,4,4,4,4,2,4,3,4,3,4,3,3,4,4,4,4
MHS_0151,2026-09-09 19:35:50.752,STr./D3 Teknik Elektro Industri,5,3,3,3,3,3,3,3,2,3,4,4,4,4,4,4,4,4,4,4,3,3,3,3,3,3,3,3,3,3,3,3,3,3,3,3,3,3,3,3,3,3,3,3,3,3,3,3,2,2,3,3,3,1,2,3,3,3,3
MHS_0152,2026-09-09 19:36:26.944,STr./D3 Teknik Informatika,1,1,1,1,1,1,1,1,1,1,1,1,1,1,1,1,1,1,1,1,1,1,1,1,1,1,1,1,1,1,1,1,1,1,1,1,1,1,1,1,1,1,1,1,1,1,1,1,1,1,1,1,1,1,1,1,1,1,1
MHS_0153,2026-09-09 19:56:48.840,STr. Teknologi Rekayasa Multimedia,1,4,4,3,4,3,4,4,4,4,4,4,4,3,4,3,4,3,2,2,4,3,4,4,4,3,2,3,4,4,3,4,4,4,4,3,4,4,4,4,4,3,3,4,4,3,3,2,2,2,3,2,3,2,3,3,3,4,4
MHS_0154,2026-09-09 20:12:17.058,STr./D3 Teknik Informatika,5,3,3,3,3,3,3,3,3,3,3,3,3,3,3,3,3,3,2,3,3,3,3,4,3,3,3,3,3,2,2,2,3,3,3,2,2,3,2,2,1,1,3,3,3,2,4,2,2,2,3,3,3,1,1,1,3,1,3
MHS_0155,2026-09-09 20:17:29.519,STr./D3 Teknik Elektro Industri,8,2,3,3,3,3,3,3,2,1,3,3,3,3,3,3,3,2,3,3,3,3,3,3,3,3,3,3,3,3,3,3,3,3,3,3,3,3,2,2,2,3,3,3,4,4,4,1,1,1,2,2,2,1,1,1,3,3,3
MHS_0156,2026-09-09 20:20:22.923,STr./D3 Teknik Informatika,3,4,4,4,4,4,4,4,4,4,4,4,4,4,4,4,4,4,4,4,4,4,4,4,4,4,4,4,4,4,4,4,4,4,4,4,4,4,4,4,4,4,4,4,4,4,4,4,4,4,4,4,4,4,4,4,4,4,4
MHS_0157,2026-09-09 20:21:10.229,STr./D3 Teknik Telekomunikasi,3,2,2,2,3,3,2,1,3,2,2,2,2,2,2,3,1,3,2,2,3,3,3,3,3,3,2,3,3,2,2,2,3,3,3,1,3,3,3,2,1,3,1,3,2,3,4,2,2,1,2,2,4,1,4,4,3,4,2
MHS_0158,2026-09-09 21:35:25.648,STr. Teknologi Game,8,3,3,3,3,3,3,3,3,3,3,3,3,3,3,3,3,3,3,3,3,3,3,3,3,3,3,3,3,3,3,3,3,3,3,3,3,3,2,3,2,4,4,4,3,3,3,2,2,2,3,3,3,2,2,3,3,3,2
MHS_0159,2026-09-09 21:49:39.408,STr./D3 Teknik Informatika,3,3,3,3,3,3,4,3,3,3,3,3,3,3,3,3,2,3,2,4,3,3,3,4,3,4,4,3,3,3,3,3,3,3,3,3,3,3,3,2,2,4,4,4,4,4,4,1,3,3,2,3,3,1,1,4,4,4,4
MHS_0160,2026-09-09 22:11:07.639,STr./D3 Teknik Telekomunikasi,1,3,3,3,3,3,3,3,3,2,3,3,3,3,3,3,3,3,3,3,3,3,3,3,3,3,3,3,3,3,3,3,3,3,3,3,3,3,3,3,3,4,4,4,4,4,4,2,3,2,3,3,3,3,3,3,3,4,3
MHS_0161,2026-09-09 23:08:51.001,STr./D3 Teknik Elektro Industri,7,3,3,3,3,3,2,3,2,3,3,3,2,3,2,3,3,2,2,3,3,3,3,3,3,3,3,3,3,3,3,3,3,3,3,3,3,3,3,3,3,3,2,3,3,3,3,3,3,3,2,1,2,1,1,3,3,3,3
MHS_0162,2026-09-09 23:11:46.097,STr./D3 Teknik Elektronika,3,2,3,1,2,3,3,4,3,3,2,3,4,2,3,4,4,3,3,4,3,3,3,4,3,3,4,2,2,2,1,2,3,2,4,4,2,3,4,3,4,3,1,3,4,4,4,2,2,1,3,1,2,1,1,2,4,4,4
MHS_0163,2026-09-10 00:25:27.263,STr./D3 Teknik Elektro Industri,5,3,3,3,3,3,3,3,3,3,3,3,3,3,3,3,3,3,3,3,3,3,3,3,3,3,3,3,3,3,3,3,3,3,3,3,3,3,3,3,3,3,3,3,3,3,3,3,3,3,3,3,3,3,3,3,3,3,3
MHS_0164,2026-09-10 02:42:49.522,STr./D3 Teknik Telekomunikasi,3,4,4,4,4,4,3,4,2,4,4,4,2,4,4,4,4,2,4,2,3,3,2,4,4,2,3,2,3,4,4,4,4,4,4,4,2,4,4,4,2,2,2,4,4,4,4,2,3,2,3,3,3,2,2,4,3,3,3
MHS_0165,2026-09-10 05:54:56.954,STr./D3 Teknik Elektronika,1,3,4,3,3,3,3,4,4,3,3,4,3,3,3,3,4,4,3,3,3,3,3,3,3,3,4,3,3,3,4,4,3,3,3,4,3,3,3,2,4,3,2,4,3,2,3,2,3,4,3,3,3,1,2,3,3,3,2
MHS_0166,2026-09-10 07:47:14.765,STr./D3 Teknik Elektronika,5,3,3,3,4,4,4,2,3,3,3,3,2,3,3,3,2,3,3,3,3,3,3,3,2,2,3,3,3,3,3,3,3,3,3,3,3,3,3,3,2,3,3,2,3,3,3,3,3,3,3,3,3,1,1,3,3,3,3
MHS_0167,2026-09-10 07:56:27.567,STr./D3 Teknik Elektro Industri,1,4,4,2,4,4,4,3,3,3,4,4,2,4,4,4,3,3,4,4,4,4,4,4,4,4,3,4,4,4,4,2,4,4,4,3,3,4,4,4,3,4,3,4,4,4,4,1,3,2,4,3,4,3,3,4,4,4,3
MHS_0168,2026-09-10 08:00:33.308,STr./D3 Teknik Elektro Industri,1,4,4,4,4,3,4,3,3,4,4,4,4,4,4,4,3,4,4,4,3,4,3,4,4,3,3,4,3,3,4,4,4,4,4,4,4,4,4,4,4,4,3,4,4,4,4,1,3,3,4,3,4,3,4,4,4,4,3
MHS_0169,2026-09-10 08:28:01.155,STr. Sains Data Terapan,1,4,4,4,4,4,3,4,4,2,3,3,3,3,3,3,3,3,3,3,4,3,3,4,3,3,3,3,3,3,3,3,3,3,3,3,3,3,4,4,4,4,4,4,4,3,4,2,1,4,4,3,4,3,3,3,4,4,3
MHS_0170,2026-09-10 08:29:06.429,STr./D3 Teknik Elektro Industri,5,3,3,3,3,3,3,1,1,3,3,3,3,3,3,3,3,3,3,3,3,3,3,3,3,3,3,3,3,3,3,3,3,3,3,3,3,3,3,3,2,2,2,3,3,3,3,1,1,1,4,4,4,1,1,1,3,3,1
MHS_0171,2026-09-10 09:12:18.556,D3 Multimedia Broadcasting,1,3,3,3,2,3,2,3,2,2,3,3,3,2,2,3,3,3,2,3,3,3,3,2,2,3,3,3,3,3,3,3,3,2,3,3,2,4,3,3,3,3,4,4,2,3,4,2,3,2,3,4,3,3,2,3,3,3,3
MHS_0172,2026-09-10 09:27:37.103,STr. Sains Data Terapan,3,3,3,2,3,4,2,3,4,4,3,3,2,3,4,3,3,4,4,4,3,3,4,3,4,4,4,4,4,4,3,3,2,3,3,3,4,4,3,2,2,4,3,4,4,4,4,2,2,2,3,2,2,1,1,3,3,3,3
MHS_0173,2026-09-10 09:33:15.278,STr. Sains Data Terapan,3,4,4,4,4,3,4,3,4,4,4,4,4,4,4,4,4,4,4,4,4,4,4,4,4,4,4,4,4,4,4,4,4,4,4,4,4,4,4,4,4,4,4,4,4,4,4,1,2,2,3,3,3,1,1,3,4,4,4
MHS_0174,2026-09-10 09:49:05.839,STr./D3 Teknik Elektronika,7,4,4,4,4,4,4,4,4,4,4,4,4,4,4,4,4,4,4,4,4,4,4,4,4,4,4,4,4,4,4,4,4,4,4,4,4,4,4,4,4,4,4,4,4,4,4,4,4,4,4,4,4,4,4,4,4,4,4
MHS_0175,2026-09-10 09:51:26.408,STr./D3 Teknik Elektronika,7,2,2,2,3,2,3,3,2,2,3,3,3,3,2,3,2,2,2,2,2,2,2,3,2,3,3,3,2,3,3,3,3,3,3,3,3,3,3,3,3,3,2,3,3,3,3,3,2,2,3,2,2,1,2,2,3,3,3
MHS_0176,2026-09-10 09:51:56.694,STr./D3 Teknik Elektronika,6,3,3,2,2,2,2,3,2,3,3,3,3,3,3,3,3,3,3,3,3,3,3,3,3,3,3,3,3,3,3,3,3,3,3,3,3,3,3,3,4,3,3,3,3,3,3,3,3,3,3,3,3,2,2,2,3,3,3
MHS_0177,2026-09-10 09:52:14.534,STr./D3 Teknik Elektronika,7,2,2,1,2,2,2,1,2,2,2,2,1,2,2,2,1,2,1,2,2,2,2,3,3,3,1,2,2,2,2,2,2,2,2,1,2,2,3,2,2,2,2,2,2,2,3,1,1,1,2,2,2,1,1,1,3,2,2
MHS_0178,2026-09-10 09:53:01.226,STr./D3 Teknik Elektronika,7,3,3,3,3,3,2,2,3,4,4,4,4,4,4,4,4,4,4,4,4,4,4,4,4,4,4,4,4,4,4,4,4,4,4,4,4,4,4,4,4,4,4,4,4,4,4,4,4,4,4,4,4,4,4,4,4,4,4
MHS_0179,2026-09-10 09:53:30.588,D3 PSDKU Lamongan,6,3,3,4,4,3,4,4,3,3,3,3,3,4,4,4,3,3,3,4,3,3,4,3,3,4,3,3,3,4,4,4,3,3,3,4,4,3,3,3,3,3,4,4,4,3,4,4,4,3,4,3,3,3,3,3,3,3,3
MHS_0180,2026-09-10 09:54:05.817,STr. Sains Data Terapan,7,2,2,2,2,2,2,1,2,2,2,2,2,2,2,2,2,2,2,2,2,2,2,2,2,2,2,2,2,2,2,2,2,2,2,2,2,2,3,3,3,3,3,3,2,2,3,2,2,2,2,2,2,1,1,1,2,2,2
MHS_0181,2026-09-10 09:54:41.769,STr. Teknik Mekatronika,3,2,2,3,4,3,3,1,1,1,3,2,2,2,2,2,2,2,2,2,2,2,2,4,3,3,2,3,2,2,2,2,4,2,3,2,1,2,4,4,4,4,4,4,3,3,4,1,2,1,2,1,3,1,1,3,3,4,3
MHS_0182,2026-09-10 09:55:11.202,STr./D3 Teknik Informatika,7,4,4,4,4,4,4,4,4,4,4,4,4,4,4,4,4,4,4,4,4,4,4,4,4,4,4,4,4,4,4,4,4,4,4,4,4,4,4,4,4,4,4,4,4,4,4,3,4,3,3,2,4,4,4,4,4,4,4
MHS_0183,2026-09-10 09:57:51.368,STr. Teknologi Rekayasa Multimedia,2,4,4,3,3,3,3,3,2,3,4,4,3,4,4,3,3,3,4,3,2,2,2,3,3,3,3,2,3,3,3,3,3,3,3,3,3,4,3,2,2,3,2,3,4,4,4,3,3,4,2,1,3,1,1,3,4,4,4
MHS_0184,2026-09-10 09:58:09.424,STr./D3 Teknik Elektronika,3,3,3,3,3,3,3,3,3,3,3,3,3,3,3,3,3,3,3,3,3,3,3,3,3,3,3,3,3,3,3,3,3,3,3,3,3,3,3,3,3,3,3,3,3,3,3,3,3,3,3,3,3,3,3,3,3,3,3
MHS_0185,2026-09-10 10:00:59.177,STr. Sains Data Terapan,3,1,1,1,2,1,1,1,1,1,2,2,1,3,2,1,1,1,2,2,1,2,2,2,2,1,1,2,2,2,2,2,2,2,1,1,2,2,4,2,3,2,2,4,3,3,3,1,2,1,3,3,3,1,1,1,3,2,2
MHS_0186,2026-09-10 10:04:53.333,STr. Teknologi Rekayasa Multimedia,7,3,3,3,3,3,3,3,3,3,3,3,3,3,3,3,3,3,3,3,4,4,4,4,4,4,4,4,4,3,3,3,3,3,3,3,3,3,3,3,3,3,3,3,3,3,3,3,3,3,2,2,2,1,1,1,3,2,2
MHS_0187,2026-09-10 10:06:52.456,STr. Sains Data Terapan,3,2,2,2,2,3,1,1,1,2,3,2,1,1,3,2,1,1,3,2,2,3,3,3,3,1,1,3,3,2,2,1,3,3,2,1,2,2,2,2,1,3,3,2,3,3,3,1,2,3,2,2,3,1,1,2,2,3,3
MHS_0188,2026-09-10 10:10:55.749,STr./D3 Teknik Elektronika,3,2,2,3,3,3,2,2,1,2,3,3,3,3,3,3,2,1,2,3,3,3,3,3,3,3,3,3,3,3,3,3,3,3,3,2,3,3,2,1,1,1,1,1,3,3,3,1,1,1,1,1,1,1,1,1,3,3,3
MHS_0189,2026-09-10 10:11:47.881,STr. Sistem Pembangkit Energi,7,3,2,2,2,3,3,3,3,3,2,2,3,3,3,3,3,3,3,3,3,3,3,3,3,3,3,3,3,3,3,3,3,3,3,3,3,3,3,1,2,2,2,3,3,2,3,1,1,1,1,1,2,1,1,3,3,3,3
MHS_0190,2026-09-10 10:14:59.244,STr./D3 Teknik Elektronika,5,3,3,3,3,3,3,3,3,3,3,3,3,3,3,3,3,3,3,3,3,3,3,3,3,3,3,3,3,3,3,3,3,3,3,3,3,3,3,2,3,3,2,3,3,3,3,2,3,3,3,3,3,1,2,3,3,3,3
MHS_0191,2026-09-10 10:17:38.592,STr./D3 Teknik Elektronika,3,3,3,3,3,3,3,3,3,3,3,3,3,3,3,3,3,3,3,3,3,3,3,3,3,3,3,3,3,3,3,3,3,3,3,3,3,3,3,3,3,3,3,3,3,3,3,3,3,3,3,3,3,3,3,3,3,3,3
MHS_0192,2026-09-10 10:18:56.508,STr./D3 Teknik Elektronika,7,3,2,2,2,2,3,3,3,3,3,3,2,2,3,3,3,2,2,1,4,4,4,4,2,4,4,3,4,3,3,3,3,3,3,3,3,3,4,2,2,2,2,2,4,1,2,1,1,3,2,1,2,1,2,1,1,2,2
MHS_0193,2026-09-10 10:27:59.275,STr./D3 Teknik Elektronika,3,3,3,3,3,3,3,2,3,3,3,3,3,3,3,3,3,3,3,3,3,3,3,3,3,3,3,3,3,3,3,3,3,3,3,3,3,3,3,3,3,3,1,3,3,3,3,3,3,3,3,2,3,1,2,3,3,3,2
MHS_0194,2026-09-10 10:37:53.769,STr./D3 Teknik Elektronika,3,4,4,4,4,3,3,3,3,3,3,3,4,4,4,4,4,4,4,4,4,4,4,4,4,4,4,4,4,4,4,4,4,4,4,4,4,4,4,4,3,3,3,3,4,4,4,3,3,3,3,3,3,2,3,3,3,3,3
MHS_0195,2026-09-10 10:40:45.643,STr./D3 Teknik Informatika,7,3,3,3,3,3,3,3,3,3,3,3,3,3,3,3,3,3,3,3,3,3,3,3,3,3,3,3,3,3,3,3,3,3,3,3,3,3,3,3,3,3,3,3,3,3,3,3,3,3,3,3,3,3,3,3,3,3,3
MHS_0196,2026-09-10 10:41:43.168,STr./D3 Teknik Elektronika,3,3,3,3,4,4,4,4,4,3,3,3,3,3,3,3,4,4,4,4,3,4,3,4,3,3,4,3,3,4,3,3,3,4,3,4,4,4,3,3,4,2,2,4,3,3,4,2,3,2,4,4,4,1,2,4,4,4,4
MHS_0197,2026-09-10 10:44:32.431,STr./D3 Teknik Elektronika,1,3,3,3,3,3,3,3,3,3,3,3,3,3,3,3,3,3,3,3,3,3,3,3,3,3,3,3,3,3,3,3,3,3,3,3,3,3,3,3,3,3,3,3,3,3,3,3,3,3,3,3,3,3,3,3,3,3,3
MHS_0198,2026-09-10 10:49:11.604,STr./D3 Teknik Elektro Industri,3,4,3,4,4,3,3,4,4,4,4,4,3,4,3,4,4,4,3,3,4,4,4,4,4,4,4,4,4,4,3,3,3,3,3,4,4,3,4,4,4,4,4,4,3,2,4,2,3,3,4,4,3,3,4,4,4,4,4
MHS_0199,2026-09-10 10:58:56.014,STr./D3 Teknik Telekomunikasi,7,4,4,4,4,4,4,4,4,4,4,4,4,4,4,4,4,4,4,4,4,4,4,4,4,4,4,4,4,4,4,4,4,4,4,4,4,4,4,4,3,3,3,4,4,4,4,2,2,2,3,3,3,1,1,1,4,4,4
MHS_0200,2026-09-10 11:28:42.156,STr. Sains Data Terapan,1,3,3,3,3,3,3,3,3,3,3,3,3,3,3,3,3,3,3,3,3,3,3,3,3,3,3,3,3,3,3,3,3,3,3,3,3,3,3,3,3,3,3,3,3,3,3,4,4,4,4,4,4,4,4,4,4,4,4
MHS_0201,2026-09-10 11:28:44.203,STr. Sains Data Terapan,1,4,4,4,4,4,4,4,4,4,4,4,4,4,4,4,4,4,4,4,4,4,4,4,4,4,4,4,4,4,4,4,4,4,4,4,4,4,4,4,4,4,4,4,4,4,4,4,4,4,4,4,4,4,4,4,4,4,4
MHS_0202,2026-09-10 11:29:40.430,STr. Sains Data Terapan,1,3,4,3,3,4,4,3,4,4,4,4,4,4,4,4,4,4,4,4,4,4,4,4,4,4,4,4,4,4,4,4,4,4,4,4,4,4,4,4,4,4,4,4,4,4,4,4,4,4,4,4,4,4,4,4,4,4,4
MHS_0203,2026-09-10 11:30:08.019,STr. Sains Data Terapan,1,4,4,4,4,4,4,4,4,4,4,4,4,4,4,4,4,4,4,4,4,4,4,3,4,4,4,4,3,4,3,4,4,4,3,4,3,3,3,4,3,4,3,3,3,3,4,2,3,4,3,2,3,3,3,3,3,4,3
MHS_0204,2026-09-10 11:30:10.210,STr. Sains Data Terapan,1,2,2,2,2,2,2,3,2,4,2,2,2,3,2,2,3,2,3,2,3,2,3,2,3,2,3,2,3,2,3,2,3,2,3,2,3,2,3,2,3,3,2,3,3,2,3,1,1,1,3,2,3,3,2,3,3,2,3
MHS_0205,2026-09-10 11:30:22.502,STr. Sains Data Terapan,1,3,4,4,4,4,4,4,3,3,3,3,3,3,3,4,4,4,4,3,3,4,4,4,4,3,4,3,4,3,3,3,3,3,3,3,3,3,3,3,3,3,3,3,4,4,4,3,3,3,3,3,3,3,3,3,3,3,3
MHS_0206,2026-09-10 11:30:35.057,STr. Sains Data Terapan,1,3,3,3,3,3,3,3,3,3,3,3,3,3,3,3,3,3,3,3,3,3,3,3,3,3,3,3,3,3,3,3,3,3,3,3,3,3,3,3,3,3,3,3,3,3,3,3,3,3,3,3,3,3,3,3,3,3,3
MHS_0207,2026-09-10 11:30:47.127,STr. Sains Data Terapan,1,4,4,4,4,4,4,4,4,4,4,4,4,4,4,4,4,4,4,4,4,4,4,4,4,4,4,4,4,4,4,4,4,4,4,4,4,4,4,4,4,4,4,4,4,4,4,4,4,4,4,4,4,4,4,4,4,4,4
MHS_0208,2026-09-10 11:31:23.367,STr. Sains Data Terapan,1,3,3,3,4,3,3,2,3,3,3,3,3,3,3,3,2,3,3,3,3,3,3,4,3,3,3,3,3,3,3,3,4,4,4,3,4,4,4,2,4,4,4,4,3,3,3,1,2,3,4,3,3,2,2,4,3,3,3
MHS_0209,2026-09-10 11:31:29.227,STr. Sains Data Terapan,1,4,3,4,4,4,4,3,3,2,3,3,4,4,4,3,3,2,2,3,3,3,2,3,3,3,3,3,3,3,3,3,3,3,3,3,2,3,4,4,4,4,4,4,2,4,3,2,2,2,4,4,4,1,2,2,3,2,4
MHS_0210,2026-09-10 11:31:46.606,STr. Sains Data Terapan,1,3,3,3,4,3,3,3,3,3,4,4,3,4,4,4,3,3,4,4,3,3,3,4,3,3,3,3,3,3,3,3,4,3,3,3,3,3,3,3,3,3,3,3,3,4,4,3,2,3,3,3,3,2,3,3,4,4,4
MHS_0211,2026-09-10 11:31:57.360,STr. Sains Data Terapan,1,3,3,3,3,3,3,2,3,3,3,3,3,3,3,3,3,3,3,3,3,3,3,3,3,3,3,3,3,3,3,3,3,3,3,2,3,3,3,3,3,3,3,3,3,3,3,2,3,3,3,3,3,3,3,3,3,3,3
MHS_0212,2026-09-10 11:32:31.098,STr. Sains Data Terapan,1,4,4,4,4,4,4,4,4,4,4,4,4,4,4,4,4,4,4,4,4,4,4,4,4,4,4,4,4,4,4,4,4,4,4,4,4,4,4,4,4,4,4,4,4,4,4,3,3,3,3,4,4,4,4,4,4,4,4
MHS_0213,2026-09-10 11:32:40.017,STr. Sains Data Terapan,1,3,3,2,3,3,2,2,2,3,3,3,2,3,2,2,2,2,3,3,3,3,3,3,3,3,3,3,3,3,3,3,3,3,3,3,3,3,3,3,3,3,3,3,2,3,4,1,1,1,2,2,3,1,3,3,2,3,3
MHS_0214,2026-09-10 11:32:45.313,STr. Sains Data Terapan,1,4,4,4,4,4,4,4,4,4,4,4,4,4,4,4,4,4,4,4,4,4,4,4,4,4,4,4,4,4,4,4,4,4,4,4,4,4,4,4,4,4,4,4,4,4,4,4,4,4,4,4,4,4,4,4,4,4,4
MHS_0215,2026-09-10 11:32:57.203,STr. Sains Data Terapan,1,3,3,3,3,3,3,3,3,3,3,3,3,3,3,3,3,3,3,3,3,3,3,3,3,3,3,3,3,3,3,3,3,3,3,3,3,3,3,3,3,3,3,3,3,3,3,3,3,3,3,3,3,3,3,3,3,3,3
MHS_0216,2026-09-10 11:32:58.686,STr. Sains Data Terapan,1,3,3,3,3,3,3,3,3,3,3,3,3,3,3,3,3,3,3,3,3,3,3,3,3,3,3,3,3,3,3,3,3,3,3,3,3,3,3,3,3,3,3,3,3,3,3,2,3,3,3,2,3,3,3,3,3,3,3
MHS_0217,2026-09-10 11:33:20.590,STr. Sains Data Terapan,1,3,3,3,3,3,3,3,3,2,3,3,3,3,3,3,3,3,3,3,3,3,3,3,3,3,3,3,3,3,3,3,3,3,3,3,3,2,3,3,3,3,3,3,3,2,2,1,3,2,3,3,3,3,3,3,3,3,3
MHS_0218,2026-09-10 11:33:44.078,STr. Sains Data Terapan,1,3,3,3,3,3,3,3,3,3,3,3,3,3,3,3,3,3,3,3,3,3,3,3,3,3,3,3,3,3,3,3,3,3,3,3,3,3,4,4,4,4,4,4,3,3,2,2,3,3,3,3,3,3,3,3,3,3,3
MHS_0219,2026-09-10 11:33:56.181,STr. Sains Data Terapan,1,4,4,4,4,3,4,3,3,4,4,4,4,4,4,4,3,4,4,4,4,4,4,4,4,4,4,4,4,4,4,4,3,4,4,3,4,4,4,4,4,4,4,4,4,4,4,3,4,3,4,4,4,2,3,4,3,4,3
MHS_0220,2026-09-10 11:34:01.335,STr. Sains Data Terapan,1,3,3,3,3,3,4,3,4,4,3,3,3,3,3,4,4,3,4,4,4,4,3,4,4,4,4,3,3,4,4,3,3,4,4,4,4,3,4,4,4,4,4,4,4,4,4,3,3,3,4,3,4,2,2,4,4,4,4
MHS_0221,2026-09-10 11:34:32.814,STr. Sains Data Terapan,1,3,4,4,3,4,3,3,3,4,3,4,3,3,4,4,4,3,3,3,3,3,3,3,3,3,3,3,3,3,4,4,3,4,4,3,4,4,4,4,3,3,3,4,3,3,3,2,3,4,4,4,4,3,3,3,3,3,3
MHS_0222,2026-09-10 11:34:45.994,STr. Sains Data Terapan,1,3,3,3,3,4,4,4,3,4,3,3,3,3,3,4,4,3,3,3,3,3,3,4,3,4,4,3,3,4,4,4,3,3,3,3,3,4,4,3,4,4,4,4,3,4,4,4,3,3,4,3,3,1,2,3,3,3,2
MHS_0223,2026-09-10 11:34:46.113,STr. Sains Data Terapan,1,3,4,4,4,4,4,4,4,4,4,4,4,4,4,4,4,4,4,4,4,4,4,4,4,4,4,4,3,4,4,4,4,4,4,4,4,4,4,4,4,4,4,4,3,4,4,2,4,3,4,3,4,3,2,4,3,3,3
MHS_0224,2026-09-10 11:34:46.944,STr. Sains Data Terapan,1,4,4,3,3,4,3,3,3,4,3,4,4,3,3,3,3,4,3,4,4,4,3,4,4,3,4,3,3,4,3,4,3,3,3,3,3,3,4,3,3,4,4,4,4,3,4,3,3,3,3,3,4,2,2,3,4,4,4
MHS_0225,2026-09-10 11:35:03.638,STr. Sains Data Terapan,1,4,4,4,4,4,4,4,3,4,4,4,3,3,3,4,4,3,3,4,4,4,4,4,4,4,4,3,3,4,4,3,4,4,3,4,3,4,4,4,4,4,4,4,4,4,4,3,3,3,3,3,3,3,3,3,4,4,4
MHS_0226,2026-09-10 11:35:06.783,STr. Sains Data Terapan,1,4,3,4,4,4,4,4,4,4,3,4,4,4,3,3,4,4,4,3,4,4,3,4,4,4,4,4,4,4,4,3,4,4,4,4,4,4,4,4,4,4,4,4,4,4,4,3,4,4,4,4,4,3,3,4,4,4,4
MHS_0227,2026-09-10 11:35:10.025,STr. Sains Data Terapan,1,4,4,3,3,4,3,4,3,3,3,4,3,3,4,4,4,3,4,4,4,4,3,4,4,3,4,3,4,4,4,3,4,3,4,4,4,4,4,4,3,3,3,4,3,3,4,4,4,3,4,3,3,3,3,4,4,4,3
MHS_0228,2026-09-10 11:35:12.343,STr. Sains Data Terapan,1,3,3,3,3,3,3,3,3,3,3,3,3,3,3,3,3,3,3,3,2,2,3,3,3,3,3,2,3,3,3,3,3,3,3,3,3,3,3,3,3,3,3,3,3,3,3,2,2,3,2,2,3,2,2,3,3,3,3
MHS_0229,2026-09-10 11:35:12.415,STr. Sains Data Terapan,1,3,3,2,3,4,3,4,3,3,3,3,3,3,3,3,3,3,2,4,3,3,3,3,3,3,2,3,3,3,3,3,2,3,4,3,3,4,4,4,4,4,4,4,4,3,4,2,2,2,3,3,3,1,2,2,3,3,4
MHS_0230,2026-09-10 11:35:30.566,STr. Sains Data Terapan,1,4,4,3,3,3,3,4,3,4,4,4,4,3,3,3,4,4,4,3,3,3,3,4,3,3,4,3,4,3,3,3,3,3,3,4,3,4,4,4,4,4,4,4,4,4,4,3,4,3,4,3,3,3,3,3,4,3,3
MHS_0231,2026-09-10 11:35:51.770,STr. Sains Data Terapan,1,3,3,3,3,3,3,3,3,3,3,3,3,3,3,3,3,3,3,3,3,3,3,3,3,3,3,3,3,3,3,3,3,3,3,3,3,3,3,3,3,3,3,3,3,3,3,2,3,3,3,3,3,2,3,3,4,4,4
MHS_0232,2026-09-10 11:36:16.211,STr. Sains Data Terapan,1,4,4,2,4,4,4,4,4,4,4,4,2,4,4,4,4,4,4,4,4,4,4,4,4,4,4,4,4,4,4,3,4,4,4,4,4,4,4,4,4,4,4,4,4,4,4,4,4,4,4,4,4,3,4,4,4,4,4
MHS_0233,2026-09-10 11:36:44.137,STr. Sains Data Terapan,1,3,3,3,3,3,3,3,3,3,3,3,3,3,3,3,3,3,3,3,3,4,3,3,3,3,3,3,3,3,3,3,4,3,3,3,3,3,4,3,3,4,4,4,3,3,3,4,3,3,3,3,3,3,3,3,4,4,3
MHS_0234,2026-09-10 11:37:05.311,STr. Sains Data Terapan,1,4,4,4,4,4,4,4,4,3,4,3,3,3,4,4,3,3,2,3,3,3,4,4,3,4,3,3,4,4,3,3,4,4,4,4,3,4,3,3,3,2,3,4,4,3,4,1,2,3,2,3,3,2,2,4,3,3,3
MHS_0235,2026-09-10 11:38:16.368,STr. Sains Data Terapan,1,3,3,2,3,3,2,3,2,3,3,3,3,2,3,2,3,3,3,3,3,3,3,3,2,2,3,3,3,3,3,3,3,3,2,3,3,3,3,3,3,3,3,3,3,3,3,2,3,3,3,3,3,3,3,3,3,3,2
MHS_0236,2026-09-10 11:38:22.848,STr. Sains Data Terapan,1,3,3,3,3,3,3,4,4,3,3,4,3,3,3,3,3,3,3,3,3,3,3,4,3,3,3,3,3,3,3,3,3,3,3,3,3,3,3,2,3,3,2,3,4,3,4,2,3,2,3,3,3,1,3,3,3,3,4
MHS_0237,2026-09-10 11:38:40.051,STr. Sains Data Terapan,1,4,4,4,4,4,4,4,4,4,4,4,4,4,4,4,4,4,4,4,4,4,4,4,4,4,4,4,4,4,4,4,4,4,4,4,4,4,3,3,3,3,3,3,3,3,3,3,4,3,2,2,2,1,1,3,3,3,2
MHS_0238,2026-09-10 11:40:09.801,STr. Sains Data Terapan,1,4,3,4,3,4,3,4,4,4,4,3,4,3,4,3,4,4,3,3,3,4,3,4,4,3,4,4,3,3,4,3,4,4,4,3,3,4,4,3,4,4,4,4,3,3,3,3,3,2,4,4,4,1,3,4,4,4,3
MHS_0239,2026-09-10 11:41:07.214,STr. Sains Data Terapan,1,4,4,4,4,4,4,4,4,3,3,4,4,4,4,4,4,4,4,3,4,4,4,4,4,4,4,4,4,4,4,4,4,4,4,4,3,3,4,4,4,4,4,4,3,3,4,3,3,3,3,2,2,3,3,4,3,3,3
MHS_0240,2026-09-10 11:42:45.151,STr. Sains Data Terapan,1,2,2,3,4,2,2,3,2,1,2,2,3,4,2,2,4,2,2,2,3,3,3,3,3,3,4,2,2,2,2,2,2,2,2,2,2,2,4,4,4,4,4,4,4,4,4,1,1,2,3,3,3,3,3,3,4,4,3
MHS_0241,2026-09-10 11:44:26.111,STr. Sains Data Terapan,1,3,2,3,4,3,3,4,3,4,3,2,3,3,3,3,4,3,3,4,3,3,3,4,4,3,4,3,3,3,3,4,3,3,3,4,3,3,4,2,3,4,3,3,4,4,3,2,2,3,4,3,3,1,3,4,4,3,4
MHS_0242,2026-09-10 11:46:40.542,STr./D3 Teknik Elektro Industri,8,4,4,3,4,3,4,3,3,3,4,3,3,3,4,3,3,3,3,3,3,4,4,3,3,3,4,3,3,3,4,3,3,3,3,3,3,3,4,3,3,3,3,3,4,3,4,4,3,3,4,4,4,3,3,3,3,3,4
MHS_0243,2026-09-10 11:46:54.893,STr. Sains Data Terapan,1,4,4,4,4,3,4,4,3,2,4,4,4,4,4,4,4,4,4,4,3,4,4,4,4,4,4,4,4,4,4,4,4,3,4,4,4,4,4,4,4,4,4,4,4,4,4,2,3,3,4,3,4,3,3,4,4,4,4
MHS_0244,2026-09-10 11:46:59.725,STr. Sains Data Terapan,1,3,3,3,3,2,2,1,2,2,2,2,2,3,2,1,1,2,2,4,4,4,4,4,4,3,3,3,3,3,3,3,3,3,2,1,3,3,3,3,3,3,3,3,2,2,3,1,2,2,3,3,4,1,1,2,3,3,2
MHS_0245,2026-09-10 12:08:02.572,STr. Sistem Pembangkit Energi,1,3,3,3,3,3,4,3,4,4,3,4,4,3,4,4,3,3,3,4,4,3,4,4,4,3,4,3,3,3,3,3,3,3,3,3,3,3,4,4,4,4,4,4,3,3,4,3,4,4,4,4,4,2,3,4,3,4,4
MHS_0246,2026-09-10 12:14:40.345,STr./D3 Teknik Elektro Industri,6,3,3,4,3,4,3,4,3,4,4,3,4,3,4,4,3,3,3,3,4,3,3,3,3,4,3,3,4,3,4,3,3,3,4,3,3,3,4,4,4,4,4,3,4,4,4,3,3,3,3,3,2,4,3,3,4,3,4
MHS_0247,2026-09-10 12:16:20.372,STr. Sains Data Terapan,1,4,4,4,3,3,4,4,4,4,4,4,4,4,4,4,4,4,4,4,3,4,4,3,3,3,3,4,4,3,3,4,4,4,4,4,4,4,4,3,4,4,4,4,4,4,3,4,4,4,3,3,3,3,2,2,3,3,4
MHS_0248,2026-09-10 12:16:59.151,STr. Sains Data Terapan,7,3,4,2,3,3,4,3,2,3,4,4,2,3,3,3,3,2,4,4,4,4,3,4,4,3,3,2,2,3,4,3,4,3,2,3,3,3,3,2,4,2,3,3,4,4,4,2,3,2,4,3,2,2,2,2,4,4,4
MHS_0249,2026-09-10 12:32:46.271,STr. Sains Data Terapan,1,4,4,4,4,4,4,4,4,4,4,4,4,4,4,4,4,4,4,4,4,4,4,4,4,4,4,4,4,4,4,4,4,4,4,4,4,4,4,4,4,4,4,4,4,4,4,4,4,4,4,4,4,4,4,4,4,4,4
MHS_0250,2026-09-10 12:34:59.958,STr. Teknik Mekatronika,5,3,2,2,3,3,2,2,3,3,3,3,3,3,3,3,2,2,3,3,3,3,3,3,3,3,3,3,3,3,3,3,3,3,3,3,3,3,3,3,3,4,4,4,3,2,4,2,4,3,3,2,4,2,2,2,3,3,3
MHS_0251,2026-09-10 12:51:05.240,STr. Sains Data Terapan,1,3,3,3,3,4,3,3,3,3,3,3,3,3,3,3,4,4,4,4,3,3,3,3,3,3,3,3,3,3,3,3,3,3,3,3,3,4,4,4,4,4,4,4,3,4,4,4,4,3,4,4,4,4,4,4,4,4,4
MHS_0252,2026-09-10 13:05:55.292,STr./D3 Teknik Telekomunikasi,5,4,4,4,4,4,4,4,4,4,3,4,3,4,3,4,3,4,3,4,4,3,4,3,4,3,4,3,4,3,4,3,4,3,4,3,4,3,4,3,4,4,3,4,4,3,4,3,4,3,4,3,4,4,3,4,4,4,4
MHS_0253,2026-09-10 13:18:26.344,STr./D3 Teknik Elektronika,5,4,3,4,4,3,3,3,4,4,3,3,3,4,3,4,4,4,4,3,3,4,3,4,4,4,3,3,3,4,4,4,3,4,3,4,3,4,4,3,4,3,2,4,3,3,3,3,3,4,4,4,4,4,3,4,4,3,4
MHS_0254,2026-09-10 13:42:18.866,STr./D3 Teknik Elektronika,1,3,3,3,3,3,3,4,3,3,3,3,3,3,3,3,3,3,3,3,3,3,3,3,3,3,4,3,3,3,3,3,3,3,3,3,3,3,4,3,3,3,3,3,3,3,3,3,3,3,3,3,3,3,3,3,3,3,3
MHS_0255,2026-09-10 13:59:57.582,STr./D3 Teknik Elektronika,3,3,3,3,3,3,3,3,3,3,3,3,3,3,3,3,3,3,3,3,2,3,3,2,3,3,2,2,3,2,3,3,3,2,2,3,3,2,3,3,2,3,3,2,3,3,3,3,2,3,3,2,3,3,3,2,3,3,2
MHS_0256,2026-09-10 14:00:34.730,STr./D3 Teknik Elektronika,3,3,3,3,3,3,3,3,3,3,3,3,3,3,3,3,3,3,3,3,3,3,3,3,3,3,3,3,3,3,3,3,3,3,3,3,3,3,3,3,3,3,3,3,3,3,3,3,3,3,3,3,3,3,3,3,3,3,3
MHS_0257,2026-09-10 14:01:40.671,STr./D3 Teknik Elektronika,3,4,4,4,4,4,4,4,4,4,4,4,4,4,4,4,4,4,4,4,4,4,4,4,4,4,4,4,4,4,4,4,4,4,4,4,4,4,4,4,4,4,4,4,4,4,4,4,4,4,4,4,4,2,2,4,4,4,4
MHS_0258,2026-09-10 14:01:40.807,STr./D3 Teknik Elektronika,3,2,3,3,3,4,4,3,2,2,3,2,3,3,3,3,3,3,3,2,3,3,2,3,3,4,3,3,4,3,3,2,3,3,3,3,3,3,3,3,3,2,2,3,3,3,3,2,3,2,3,2,3,3,3,3,3,3,3
MHS_0259,2026-09-10 14:01:44.488,STr./D3 Teknik Elektronika,3,4,3,3,4,4,3,3,4,3,3,3,3,3,3,3,4,4,3,3,3,4,4,3,4,4,3,3,4,4,3,2,3,3,3,3,3,3,4,3,3,3,2,3,3,3,3,3,3,3,3,3,3,1,3,3,3,3,3
MHS_0260,2026-09-10 14:01:44.774,STr./D3 Teknik Elektronika,3,4,4,4,4,4,4,4,4,4,4,4,4,4,4,4,4,4,4,4,4,4,4,4,4,4,4,4,4,4,4,4,4,4,4,4,4,4,4,4,4,4,4,4,4,4,4,4,4,4,4,4,4,4,4,4,4,4,4
MHS_0261,2026-09-10 14:02:00.173,STr./D3 Teknik Elektronika,3,3,3,3,3,3,3,4,3,3,3,3,2,3,3,3,4,3,3,3,3,3,3,3,3,3,3,3,3,3,3,3,3,3,3,3,3,3,3,3,3,3,3,3,3,3,3,3,3,3,2,2,3,2,1,2,3,3,3
MHS_0262,2026-09-10 14:02:29.746,STr./D3 Teknik Elektronika,3,4,3,3,4,4,4,4,3,3,4,4,3,3,3,4,4,4,3,4,4,3,3,4,4,4,4,4,4,3,3,4,4,3,3,4,4,4,3,3,4,4,4,4,4,4,3,4,4,4,3,3,3,3,3,4,4,3,3
MHS_0263,2026-09-10 14:02:43.184,STr. Sains Data Terapan,3,3,4,3,4,4,4,4,4,4,3,3,3,4,3,3,4,4,4,4,4,4,4,4,4,4,4,4,4,3,4,4,4,3,4,3,3,4,4,3,4,4,4,4,4,4,4,2,3,2,3,2,4,1,3,4,4,4,4
MHS_0264,2026-09-10 14:03:15.936,STr./D3 Teknik Elektronika,3,4,4,4,4,4,4,3,4,3,3,3,3,3,3,3,3,3,3,3,3,3,3,3,3,2,2,3,3,3,4,4,4,4,4,3,4,4,3,3,3,3,3,4,3,3,3,2,4,4,3,3,3,3,3,3,4,4,4
MHS_0265,2026-09-10 14:04:22.590,STr./D3 Teknik Elektronika,2,4,4,4,4,4,4,4,4,3,2,3,2,3,3,2,2,3,2,3,2,2,3,4,3,2,4,4,3,4,3,3,2,3,2,2,4,4,4,4,3,4,3,3,2,3,3,2,3,3,4,4,4,2,2,4,4,3,3
MHS_0266,2026-09-10 14:04:33.269,STr./D3 Teknik Elektronika,3,4,4,4,4,4,4,4,4,4,4,3,3,3,3,4,4,4,4,4,4,4,4,4,4,4,4,4,4,3,3,3,3,4,4,4,4,4,4,4,4,3,3,3,3,3,3,3,3,3,3,3,3,3,3,3,3,3,3
MHS_0267,2026-09-10 14:04:47.226,STr./D3 Teknik Elektronika,3,3,3,3,3,3,3,3,3,3,3,3,3,3,3,3,3,3,2,3,3,3,3,3,3,3,3,3,3,3,3,3,3,3,3,3,3,3,3,3,4,2,2,3,3,3,3,4,3,3,4,4,4,2,2,2,3,3,3
MHS_0268,2026-09-10 14:04:50.049,STr./D3 Teknik Elektronika,3,3,3,3,3,3,3,3,3,3,3,3,3,3,3,3,3,3,3,3,3,3,3,3,3,3,3,3,3,3,3,3,3,3,3,3,3,3,3,3,3,3,3,3,3,3,3,3,3,3,3,3,3,2,2,3,3,3,3
MHS_0269,2026-09-10 14:05:17.376,STr./D3 Teknik Elektronika,3,3,3,2,3,2,3,3,2,1,3,3,3,3,3,3,3,2,3,3,3,3,3,3,3,3,3,3,3,3,3,3,3,3,3,3,3,3,3,3,2,2,1,3,3,3,3,2,2,3,3,3,3,2,2,3,3,3,3
MHS_0270,2026-09-10 14:05:20.655,STr./D3 Teknik Elektronika,3,3,3,3,3,3,2,2,2,3,3,3,3,3,3,3,2,2,3,3,3,3,3,3,3,3,3,3,3,3,3,3,3,3,2,2,3,3,3,2,3,2,2,3,3,3,3,4,3,3,3,2,3,1,2,3,3,3,3
MHS_0271,2026-09-10 14:05:37.520,STr./D3 Teknik Elektronika,3,3,3,3,3,3,3,2,3,3,3,3,3,3,3,3,2,3,3,3,3,3,3,3,3,3,3,3,3,3,3,3,3,3,3,3,3,3,4,4,3,3,2,3,3,3,3,2,3,2,4,3,3,3,2,3,3,3,3
MHS_0272,2026-09-10 14:05:42.165,STr./D3 Teknik Elektronika,3,3,3,2,3,3,3,3,3,3,3,3,3,3,3,3,3,3,3,3,3,3,3,3,3,3,3,3,3,3,3,3,3,3,3,3,3,3,3,3,3,3,2,3,3,3,3,2,3,3,3,2,3,1,2,3,3,3,3
MHS_0273,2026-09-10 14:06:20.226,STr./D3 Teknik Elektronika,3,2,2,3,2,3,1,1,1,2,2,2,2,2,3,2,1,1,2,1,3,3,3,1,1,1,1,1,2,3,3,3,3,3,1,1,2,3,4,4,3,1,1,2,4,2,3,2,3,4,4,3,4,1,2,4,3,4,4
MHS_0274,2026-09-10 14:06:22.538,STr./D3 Teknik Elektronika,3,2,2,2,3,2,2,2,2,3,2,2,2,3,2,2,2,2,3,2,3,3,3,3,3,2,2,3,3,2,2,2,2,2,2,2,2,3,3,3,2,1,1,3,2,1,3,1,1,2,3,2,3,1,1,3,3,3,3
MHS_0275,2026-09-10 14:07:12.587,STr./D3 Teknik Elektronika,3,3,3,3,2,3,2,2,3,1,3,3,2,2,2,2,2,2,3,3,3,3,3,3,3,3,3,3,3,3,2,2,2,2,2,3,2,3,3,4,2,3,1,3,3,2,3,2,3,3,2,3,3,1,3,3,3,3,3
MHS_0276,2026-09-10 14:07:23.239,STr./D3 Teknik Elektronika,3,3,3,4,2,3,3,4,3,3,3,3,3,3,3,3,3,3,3,3,4,4,4,3,3,3,3,4,4,4,4,4,3,3,3,3,3,3,4,4,3,3,2,3,3,3,3,2,3,2,3,3,3,2,3,3,3,3,3
MHS_0277,2026-09-10 14:07:25.356,STr./D3 Teknik Elektronika,3,3,4,3,3,4,3,4,4,2,4,4,3,4,3,3,4,3,3,4,4,3,3,4,4,3,4,3,3,4,4,3,4,4,3,4,3,3,3,3,3,3,2,3,3,4,4,3,3,3,3,3,4,3,3,3,3,3,3
MHS_0278,2026-09-10 14:08:06.367,STr./D3 Teknik Elektronika,3,3,3,3,3,3,3,2,3,3,4,4,4,4,4,3,3,3,3,3,3,3,3,4,4,4,4,4,3,3,3,3,3,3,3,3,3,3,4,4,3,4,2,2,4,4,4,3,4,3,3,4,4,1,3,3,3,3,3
MHS_0279,2026-09-10 14:08:23.838,STr./D3 Teknik Elektronika,3,3,3,3,3,3,3,3,3,3,3,3,3,3,3,3,3,3,3,3,3,3,3,3,3,3,3,3,3,3,3,3,3,3,3,3,3,3,3,3,3,3,3,3,3,3,3,3,3,3,3,3,3,3,3,3,3,3,3
MHS_0280,2026-09-10 14:14:03.645,STr./D3 Teknik Elektro Industri,5,3,3,2,3,4,3,2,3,3,3,3,2,3,3,2,3,2,3,3,3,2,3,3,2,4,3,2,3,3,3,4,3,2,3,3,3,4,3,4,2,3,2,3,3,3,4,3,4,3,3,3,3,1,1,1,3,2,3
MHS_0281,2026-09-10 14:34:49.566,D3 Multimedia Broadcasting,3,4,4,4,4,3,3,4,1,4,4,4,2,4,4,4,4,2,4,4,4,4,4,4,4,4,4,4,4,4,4,4,4,4,4,4,4,4,4,4,4,4,4,4,4,4,4,2,4,3,4,4,4,3,3,2,4,2,4
MHS_0282,2026-09-10 14:36:18.669,STr./D3 Teknik Elektronika,3,3,4,3,4,4,4,3,4,3,3,3,3,4,4,4,4,4,4,3,4,4,4,4,4,4,4,4,3,4,4,3,4,3,3,4,3,4,4,3,3,3,2,3,4,2,4,4,4,4,4,4,4,2,2,4,4,4,4
MHS_0283,2026-09-10 14:53:28.038,STr./D3 Teknik Elektronika,3,3,3,3,3,3,3,3,3,3,3,3,3,3,3,3,3,3,3,3,3,3,3,3,3,3,3,3,3,3,3,3,3,3,3,3,3,3,3,2,2,2,2,2,3,3,3,2,3,3,3,2,3,2,1,3,3,3,3
MHS_0284,2026-09-10 14:58:18.518,STr. Sains Data Terapan,1,4,4,4,4,4,4,4,4,4,4,4,4,4,4,4,4,4,4,4,4,4,4,4,4,4,4,4,4,4,4,4,4,4,4,4,4,4,4,4,4,4,4,4,4,4,4,3,3,3,4,4,4,4,4,4,4,4,4
MHS_0285,2026-09-10 15:09:27.776,STr. Sistem Pembangkit Energi,5,4,4,4,4,4,4,4,4,4,4,4,4,4,4,4,4,4,4,4,4,4,4,4,4,4,4,4,4,4,4,4,4,4,4,4,4,4,4,4,4,4,4,4,4,4,4,4,4,4,4,4,4,4,4,4,4,4,4
MHS_0286,2026-09-10 15:41:59.473,STr. Sains Data Terapan,7,3,3,3,3,3,3,3,3,3,3,3,3,3,3,3,3,3,3,3,3,3,3,3,3,3,3,3,3,3,3,3,3,3,3,3,3,3,3,3,3,3,3,3,3,3,3,3,3,3,3,3,3,3,3,3,3,3,3
MHS_0287,2026-09-10 16:21:18.533,STr./D3 Teknik Elektronika,3,4,4,4,4,4,4,4,4,4,4,4,4,4,4,4,4,4,4,4,4,4,4,4,4,4,4,4,4,4,4,4,4,4,4,4,4,4,4,4,4,4,4,4,4,4,4,4,4,4,4,4,4,4,4,4,4,4,4
MHS_0288,2026-09-10 16:33:47.568,STr. Sains Data Terapan,3,3,3,3,3,3,3,2,2,2,2,2,3,3,3,3,3,2,2,3,2,2,2,3,3,3,3,3,3,2,2,2,3,3,3,3,2,2,4,4,3,3,3,4,3,3,3,1,2,2,3,3,3,1,1,3,3,3,2
MHS_0289,2026-09-10 16:34:08.613,STr. Sains Data Terapan,3,2,2,2,2,2,2,1,2,2,2,2,2,2,2,2,2,2,2,2,2,2,1,1,1,1,1,1,1,3,2,3,3,3,3,3,3,3,3,3,2,3,3,3,3,3,3,1,1,1,3,1,1,1,1,1,3,2,1
MHS_0290,2026-09-10 16:36:30.498,STr. Sains Data Terapan,3,3,3,3,3,3,4,4,3,4,3,3,3,3,3,3,4,3,4,3,3,3,3,4,4,3,4,3,3,3,3,3,3,3,3,4,3,3,4,4,4,4,4,4,3,3,4,3,3,3,3,3,3,2,2,3,3,3,3
MHS_0291,2026-09-10 16:38:13.772,STr. Sains Data Terapan,3,3,3,3,4,3,3,2,3,2,3,3,3,3,3,3,2,3,2,3,3,3,3,3,3,3,3,3,3,3,3,3,3,3,3,2,3,3,3,1,2,3,3,3,3,3,3,1,2,2,2,1,3,1,1,3,3,3,2
MHS_0292,2026-09-10 16:38:38.805,STr./D3 Teknik Elektronika,3,3,3,3,3,3,3,3,3,3,3,3,3,3,3,3,3,3,3,3,3,3,3,3,3,3,3,3,3,3,3,3,3,3,3,3,3,3,3,3,3,3,3,3,3,3,3,3,3,3,3,3,3,3,3,3,3,3,3
MHS_0293,2026-09-10 16:40:19.146,STr. Sains Data Terapan,3,3,2,3,3,3,3,4,3,2,3,3,3,3,3,3,3,3,3,3,3,2,3,3,2,2,3,2,3,4,2,3,2,3,3,3,2,3,3,2,2,2,2,2,3,2,4,1,1,2,1,2,2,1,1,1,2,2,1
MHS_0294,2026-09-10 16:41:13.502,STr. Sains Data Terapan,3,2,2,2,2,2,2,3,2,2,2,2,2,2,2,2,2,2,2,2,3,3,3,3,3,3,3,3,3,3,3,3,3,3,3,3,3,3,3,3,3,4,4,4,4,4,4,3,3,3,3,3,3,2,3,3,4,4,4
MHS_0295,2026-09-10 16:42:13.319,STr./D3 Teknik Elektronika,1,4,4,4,4,4,4,4,4,4,4,4,4,4,4,4,4,4,4,4,4,4,4,4,4,4,4,4,4,4,4,4,4,4,4,4,4,4,4,4,4,4,4,4,4,4,4,4,4,4,4,4,4,4,4,4,4,4,4
MHS_0296,2026-09-10 16:42:33.992,STr./D3 Teknik Elektronika,2,4,4,4,4,4,4,4,4,4,4,4,4,4,4,4,4,4,4,4,4,4,4,4,4,4,4,4,4,4,4,4,4,4,4,4,4,4,4,4,4,4,4,4,4,4,4,4,4,4,4,4,4,4,4,4,4,4,4
MHS_0297,2026-09-10 16:42:44.078,STr./D3 Teknik Elektronika,3,4,4,4,4,4,4,4,4,4,4,4,4,4,4,4,4,4,4,4,4,4,4,4,4,4,4,4,4,4,4,4,4,4,4,4,4,4,4,4,4,4,4,4,4,4,4,4,4,4,4,4,4,4,4,4,4,4,4
MHS_0298,2026-09-10 16:43:13.933,STr./D3 Teknik Elektronika,8,3,3,3,3,3,3,3,3,3,3,3,3,3,3,3,3,3,3,3,3,3,3,3,3,3,3,3,3,3,3,3,3,3,3,3,3,3,3,3,3,3,3,3,3,3,3,3,3,3,3,3,3,3,3,3,3,3,3
MHS_0299,2026-09-10 16:43:21.973,STr./D3 Teknik Elektronika,2,4,4,4,4,4,4,4,4,4,4,4,4,4,4,4,4,4,4,4,4,4,4,4,4,4,4,4,4,4,4,4,4,4,4,4,4,4,4,4,4,4,4,4,4,4,4,3,3,3,4,4,4,4,4,4,4,4,4
MHS_0300,2026-09-10 16:43:23.878,STr. Sains Data Terapan,3,3,3,2,2,3,4,3,3,3,3,3,2,2,3,3,4,3,3,2,3,3,3,1,2,3,3,3,3,3,3,3,2,3,3,3,3,3,3,1,2,2,3,3,2,1,4,1,1,3,2,2,3,1,3,3,3,3,1
MHS_0301,2026-09-10 16:43:25.326,STr./D3 Teknik Elektronika,3,3,3,3,3,3,1,4,2,2,3,3,3,3,3,3,3,3,3,3,2,3,3,3,3,3,3,3,3,2,2,2,2,2,2,2,2,2,3,3,1,2,2,2,3,3,3,1,1,1,2,2,3,1,1,1,3,3,3
MHS_0302,2026-09-10 16:43:39.364,STr./D3 Teknik Elektronika,1,4,3,3,4,3,3,3,3,3,4,4,4,4,4,4,4,4,3,3,4,3,3,3,3,3,3,3,3,4,3,3,4,3,3,4,3,3,4,4,3,4,4,4,4,4,4,4,4,4,3,3,3,3,3,3,3,3,3
MHS_0303,2026-09-10 16:43:51.449,STr. Sains Data Terapan,3,3,2,2,3,3,3,2,3,3,3,2,2,3,3,3,3,3,3,2,3,3,3,4,3,3,3,3,3,3,3,2,3,3,3,3,3,3,2,1,2,4,4,4,3,3,4,1,3,2,2,2,3,3,2,4,3,4,4
MHS_0304,2026-09-10 16:46:11.975,STr./D3 Teknik Elektronika,2,4,4,4,4,4,3,3,4,4,4,4,4,3,3,3,4,4,4,4,4,4,4,3,3,4,4,4,4,3,3,4,3,4,4,4,4,4,4,4,4,3,3,4,4,4,4,4,4,4,4,4,3,4,4,3,4,4,3
MHS_0305,2026-09-10 16:46:42.752,STr. Sains Data Terapan,3,3,3,3,3,3,2,2,2,3,3,3,3,3,3,3,3,3,3,3,3,3,3,3,3,3,3,3,3,3,3,3,3,3,3,3,3,3,3,2,3,3,3,3,3,3,3,2,2,2,3,3,2,1,3,2,3,3,3
MHS_0306,2026-09-10 16:46:51.484,STr./D3 Teknik Elektronika,1,4,4,4,4,4,4,4,4,4,4,4,4,4,4,4,4,4,4,4,4,4,4,4,4,4,4,4,4,4,4,4,4,4,4,4,4,4,4,4,4,4,4,4,4,4,4,4,4,4,4,4,4,4,4,4,4,4,4
MHS_0307,2026-09-10 16:47:30.191,STr. Sains Data Terapan,3,3,3,2,3,2,1,1,1,1,3,3,3,3,3,3,3,3,2,2,3,3,3,3,3,3,3,3,3,3,3,3,3,3,1,1,1,1,3,3,1,3,3,1,2,2,3,1,1,1,3,3,3,1,1,1,3,3,3
MHS_0308,2026-09-10 16:48:20.129,STr./D3 Teknik Elektronika,7,4,4,4,4,4,4,4,4,4,4,4,4,4,4,4,4,4,4,4,4,4,4,4,4,4,4,4,4,4,4,4,4,4,4,4,4,4,4,4,4,4,4,4,4,4,4,4,4,4,4,4,4,4,4,4,4,4,4
MHS_0309,2026-09-10 16:48:56.243,STr./D3 Teknik Elektronika,7,3,3,2,3,2,3,3,2,3,3,3,2,3,2,3,3,2,3,3,3,3,2,3,3,3,3,3,3,3,3,2,3,2,3,3,3,3,3,3,2,3,2,3,3,3,3,3,3,3,3,3,3,2,2,3,3,3,3
MHS_0310,2026-09-10 16:49:21.223,STr./D3 Teknik Elektronika,1,3,3,3,3,3,3,3,3,3,3,3,3,3,3,3,3,3,3,3,3,3,3,3,3,3,3,3,3,3,3,3,3,3,3,3,3,3,4,4,3,2,2,2,3,3,3,2,3,3,3,3,3,1,1,1,4,4,4
MHS_0311,2026-09-10 16:49:27.940,STr. Sains Data Terapan,3,3,3,3,3,3,3,2,2,2,3,3,3,3,4,3,3,3,3,3,3,3,3,3,3,3,3,3,3,2,2,2,2,2,2,2,2,2,3,3,3,3,3,3,3,3,3,2,2,2,2,2,2,1,1,1,3,3,3
MHS_0312,2026-09-10 16:50:01.505,STr./D3 Teknik Elektronika,6,3,3,2,2,4,3,3,2,3,3,3,3,4,3,3,3,3,3,3,4,4,4,4,4,4,4,4,4,4,3,4,3,3,3,3,3,3,4,4,4,2,3,4,4,4,4,3,3,3,4,4,4,2,1,4,4,4,4
MHS_0313,2026-09-10 16:50:44.058,STr./D3 Teknik Elektronika,1,2,2,2,3,3,3,3,2,3,3,3,2,3,3,3,3,2,3,3,3,3,3,3,3,3,3,3,3,3,3,3,3,3,3,3,3,3,4,4,4,4,4,4,4,4,4,2,3,3,4,4,4,4,4,4,3,3,3
MHS_0314,2026-09-10 16:50:57.748,STr./D3 Teknik Elektronika,3,3,3,3,3,3,3,4,2,3,3,3,3,2,3,2,2,2,2,3,2,2,2,3,3,3,3,4,4,3,3,3,2,3,3,3,3,4,3,3,3,4,4,4,3,3,3,1,2,2,3,3,3,3,3,2,3,3,3
MHS_0315,2026-09-10 16:51:52.575,STr. Sains Data Terapan,3,3,3,2,3,2,2,2,3,3,3,3,2,3,3,3,2,2,3,3,3,3,3,3,3,3,3,3,2,3,3,3,3,3,2,2,3,3,3,3,2,4,4,4,3,3,4,1,2,2,2,2,3,1,1,3,3,3,3
MHS_0316,2026-09-10 16:51:53.883,STr./D3 Teknik Elektronika,1,2,2,2,4,3,4,4,3,4,3,3,2,4,4,3,3,3,2,4,4,4,4,4,4,4,4,4,4,3,3,2,4,3,3,4,3,4,4,4,4,4,4,4,4,4,4,2,4,4,4,4,4,3,3,3,4,4,3
MHS_0317,2026-09-10 16:52:00.877,STr./D3 Teknik Elektronika,1,3,3,3,3,3,3,2,3,4,3,3,3,3,3,3,3,3,3,3,3,3,3,3,3,3,3,3,3,3,3,3,3,3,3,3,3,3,3,3,3,3,3,3,3,3,3,3,3,3,3,3,3,3,3,3,3,3,3
MHS_0318,2026-09-10 16:54:14.699,STr./D3 Teknik Elektronika,1,3,3,2,3,3,3,3,3,3,3,3,3,3,3,3,3,3,3,3,3,3,3,3,3,3,2,3,2,2,2,2,2,3,2,2,3,3,3,3,3,2,3,3,3,3,3,2,2,2,3,2,3,3,3,3,3,3,3
MHS_0319,2026-09-10 17:01:44.636,STr. Sains Data Terapan,3,3,3,3,3,3,3,2,3,3,3,3,3,3,3,3,3,3,3,3,3,3,3,3,3,3,3,3,3,3,3,3,3,3,3,3,3,3,4,4,4,4,4,4,4,4,4,3,3,3,3,3,3,3,3,3,4,4,4
MHS_0320,2026-09-10 17:05:26.925,STr. Sains Data Terapan,3,3,3,2,3,3,2,2,3,3,3,3,3,3,3,2,3,3,4,3,3,4,3,3,3,4,3,3,4,2,3,3,3,2,2,3,2,1,3,2,2,2,1,2,2,3,2,1,2,2,2,2,2,1,1,3,3,2,3
MHS_0321,2026-09-10 17:07:12.506,STr. Sains Data Terapan,3,3,3,2,3,3,2,2,3,3,3,3,2,3,3,3,2,3,3,2,3,3,3,4,3,3,3,3,3,3,3,2,3,3,3,2,3,3,4,4,4,4,4,4,4,4,4,3,3,3,4,4,4,2,2,3,4,3,2
MHS_0322,2026-09-10 17:07:26.434,STr. Sains Data Terapan,3,3,2,3,3,3,3,3,2,3,3,3,3,3,3,3,3,3,3,3,3,3,3,3,3,3,3,3,3,3,3,3,3,3,3,3,3,3,3,3,3,3,3,3,3,3,3,3,3,3,4,4,4,2,2,3,4,4,4
MHS_0323,2026-09-10 17:08:18.116,STr. Sains Data Terapan,3,2,2,3,3,3,2,1,3,2,3,3,2,3,3,3,3,3,3,2,3,3,3,3,3,3,3,3,3,3,3,3,3,3,2,2,3,3,4,4,3,3,3,3,3,3,4,1,2,2,4,4,4,1,1,3,4,3,2
MHS_0324,2026-09-10 17:09:14.666,STr. Sains Data Terapan,3,3,3,3,3,3,3,3,2,2,3,3,3,3,3,3,3,3,3,3,3,3,3,3,3,3,3,3,3,3,3,3,3,3,3,3,3,3,3,2,3,3,3,3,3,3,3,3,3,2,2,3,3,2,2,2,3,3,3
MHS_0325,2026-09-10 17:21:12.866,STr. Sains Data Terapan,3,3,2,3,4,3,3,3,2,3,3,3,3,3,3,2,2,3,3,3,3,3,3,3,3,3,3,3,3,3,3,3,4,3,3,2,3,3,3,3,2,3,3,3,3,3,3,1,2,2,2,2,1,1,2,3,3,2,3
MHS_0326,2026-09-10 17:30:59.507,STr. Sains Data Terapan,3,3,3,3,3,3,3,3,3,3,3,3,3,3,3,3,3,3,3,3,3,4,3,4,3,3,3,3,4,3,3,3,3,3,3,3,3,3,3,3,3,3,3,3,3,3,3,3,3,3,3,3,3,3,3,3,3,3,3
MHS_0327,2026-09-10 17:34:37.965,STr./D3 Teknik Elektronika,2,4,4,4,4,4,4,4,4,4,4,4,4,4,4,4,4,4,4,4,4,4,4,4,4,4,4,4,4,4,4,4,4,4,4,4,4,4,4,4,4,4,4,4,4,4,4,4,4,4,4,4,4,4,4,4,4,4,4
MHS_0328,2026-09-10 17:35:44.364,STr./D3 Teknik Elektronika,1,3,3,3,3,3,3,3,3,3,3,3,3,3,3,3,3,3,3,3,3,3,3,3,3,3,3,3,3,3,3,3,3,3,3,3,3,3,3,3,3,3,3,3,3,3,3,3,3,3,3,3,3,3,3,3,3,3,3
MHS_0329,2026-09-10 17:35:48.428,STr./D3 Teknik Elektronika,1,4,4,4,4,4,4,4,4,4,3,3,3,4,4,4,4,4,4,4,3,4,4,3,4,4,3,3,4,4,4,4,3,4,4,3,3,4,3,4,4,3,4,3,4,3,3,4,3,4,4,3,4,4,3,4,4,3,4
MHS_0330,2026-09-10 17:36:14.545,STr./D3 Teknik Elektronika,7,3,3,3,3,3,3,3,3,3,3,3,3,3,3,3,3,3,3,3,3,3,3,3,3,3,3,3,3,3,3,3,3,3,3,3,3,3,3,3,3,3,3,3,3,3,3,3,3,3,3,3,3,3,3,3,3,3,3
MHS_0331,2026-09-10 17:36:29.189,STr./D3 Teknik Elektronika,2,3,3,3,3,3,3,3,3,3,3,3,3,3,3,3,3,3,3,3,3,3,3,3,3,3,3,3,3,3,3,3,3,3,3,3,3,3,3,3,3,3,3,3,3,3,3,3,3,3,3,3,3,3,3,3,3,3,3
MHS_0332,2026-09-10 17:36:44.116,STr./D3 Teknik Elektronika,1,3,3,3,3,3,3,3,3,3,3,3,3,3,3,3,3,3,3,3,3,3,3,3,3,3,3,3,3,3,3,3,3,3,3,3,3,3,3,3,3,3,3,3,3,3,3,3,3,3,3,3,3,3,3,3,3,3,3
MHS_0333,2026-09-10 17:36:51.101,STr./D3 Teknik Elektronika,7,3,3,3,3,3,3,3,3,3,3,3,3,3,3,3,3,3,3,3,3,3,3,3,3,3,3,3,3,3,3,3,3,3,3,3,3,3,3,3,3,3,3,3,3,3,3,3,3,3,3,3,3,3,3,3,3,3,3
MHS_0334,2026-09-10 17:38:00.234,STr./D3 Teknik Elektronika,7,3,3,3,3,3,3,3,3,3,3,3,3,3,3,3,3,3,3,3,3,3,3,3,3,3,3,3,3,3,3,3,3,3,3,3,3,3,3,3,3,3,3,3,3,3,3,3,3,3,3,3,3,3,3,3,3,3,3
MHS_0335,2026-09-10 17:40:15.615,STr./D3 Teknik Elektronika,7,2,2,2,2,2,2,2,2,1,2,2,2,2,2,2,3,2,2,2,2,2,2,3,3,3,3,3,2,2,2,2,3,3,2,3,2,1,3,2,2,2,2,3,3,1,3,2,2,3,1,1,1,1,1,1,3,3,1
MHS_0336,2026-09-10 17:41:48.864,STr./D3 Teknik Elektronika,7,4,4,3,3,3,3,3,3,3,3,3,3,3,3,3,3,3,3,3,3,3,3,4,3,3,3,3,3,3,3,3,3,3,3,3,3,3,3,3,3,3,3,3,3,4,4,4,4,4,3,2,3,1,1,3,3,3,3
MHS_0337,2026-09-10 17:42:09.453,STr. Sains Data Terapan,3,3,3,3,3,3,3,3,3,3,3,3,3,3,3,3,3,3,3,3,3,3,3,3,3,3,3,3,3,3,3,3,3,3,3,2,2,3,3,3,3,3,3,3,3,3,3,1,2,3,3,3,3,1,1,3,3,3,2
MHS_0338,2026-09-10 17:46:03.490,STr./D3 Teknik Elektronika,7,3,3,3,3,3,3,3,3,3,3,3,3,3,3,3,3,3,3,3,3,3,3,3,3,3,3,3,3,3,3,3,3,3,3,3,3,3,3,3,3,3,3,3,3,3,3,4,3,3,3,3,3,3,3,3,3,3,3
MHS_0339,2026-09-10 17:53:17.726,STr. Sistem Pembangkit Energi,3,3,3,4,3,4,3,2,3,2,3,3,3,3,3,2,3,2,3,2,3,3,3,2,2,3,3,2,3,3,2,3,3,3,2,3,3,3,3,3,3,3,2,4,3,2,4,1,2,2,3,3,4,1,2,3,3,4,2
MHS_0340,2026-09-10 18:10:03.987,STr. Sains Data Terapan,3,3,3,2,3,3,3,2,2,3,3,3,2,3,3,3,3,2,3,3,3,3,3,3,3,3,3,3,3,3,3,3,3,3,3,3,3,3,3,2,3,3,3,3,3,3,3,2,3,3,2,3,3,1,2,3,3,3,3
MHS_0341,2026-09-10 18:32:36.603,STr. Teknologi Game,5,2,2,2,3,3,2,2,2,2,3,3,3,3,3,2,2,2,2,2,2,3,3,3,3,3,2,3,3,2,2,3,3,2,3,3,3,2,2,2,2,2,2,2,2,2,2,2,2,2,2,2,2,1,1,1,2,2,2
MHS_0342,2026-09-10 18:36:09.720,STr./D3 Teknik Elektronika,1,2,3,3,3,2,3,4,3,3,3,3,3,4,3,3,3,3,4,2,4,3,3,2,3,3,3,3,3,4,3,4,3,4,3,3,3,4,4,2,3,3,3,3,4,4,4,2,2,2,3,1,3,1,2,1,3,3,3
MHS_0343,2026-09-10 18:40:22.558,STr./D3 Teknik Elektronika,1,2,3,3,3,3,2,2,3,3,3,3,3,3,3,3,3,3,3,3,3,3,3,3,3,3,3,3,3,3,3,2,3,3,3,3,3,3,3,3,3,3,1,3,3,3,3,4,3,3,4,2,4,1,2,2,3,3,4
MHS_0344,2026-09-10 20:01:01.459,STr. Teknik Mekatronika,5,4,4,4,4,4,4,4,4,4,4,4,4,4,4,4,4,4,4,4,4,4,4,4,4,4,4,4,4,4,4,4,4,4,4,4,4,4,4,4,4,4,4,4,4,4,4,4,4,4,4,4,4,4,4,4,4,4,4
MHS_0345,2026-09-10 20:49:39.558,STr. Sistem Pembangkit Energi,3,3,3,3,3,3,3,3,3,3,3,3,3,3,3,3,3,3,3,3,3,3,3,3,3,3,3,3,3,3,3,3,3,3,3,3,3,3,3,3,3,3,3,3,3,3,3,3,3,3,3,3,3,3,3,3,3,3,3
MHS_0346,2026-09-10 21:16:15.837,STr. Teknologi Rekayasa Perancangan Manufaktur,1,3,3,2,2,2,3,3,3,3,2,2,3,2,3,2,3,3,3,3,3,3,3,3,2,3,3,2,3,3,3,3,2,3,3,3,2,3,2,2,2,1,1,2,2,3,3,2,2,2,2,3,3,1,1,1,3,3,2
MHS_0347,2026-09-10 22:53:50.434,STr./D3 Teknik Elektronika,5,4,4,4,4,3,3,4,3,3,4,4,3,4,4,3,4,3,4,3,4,4,4,4,4,4,4,4,4,4,4,3,3,3,3,4,3,3,4,2,3,3,3,4,3,3,4,3,3,3,3,2,4,3,4,4,4,3,3
MHS_0348,2026-09-10 23:02:37.564,STr. Sains Data Terapan,3,4,3,3,4,4,3,4,4,4,4,3,3,4,4,3,4,4,4,4,4,4,4,4,4,4,4,4,4,4,3,3,4,3,3,4,4,4,4,3,3,4,4,4,4,4,4,3,3,3,3,3,4,3,3,4,4,4,4
MHS_0349,2026-09-10 23:31:41.164,STr. Teknologi Rekayasa Multimedia,1,4,4,4,4,4,4,4,4,4,4,4,4,4,4,4,4,4,4,4,3,3,3,3,3,3,3,3,3,4,4,4,4,4,4,4,4,4,4,4,4,4,4,4,4,4,4,4,4,4,4,4,4,3,3,3,4,4,4
MHS_0350,2026-09-10 23:46:23.402,STr./D3 Teknik Informatika,5,3,3,3,3,3,3,3,3,3,3,3,3,2,3,3,3,3,3,3,3,3,3,3,3,3,3,3,3,3,3,3,3,3,3,3,3,3,3,3,3,3,3,3,3,3,3,2,3,3,3,2,3,3,3,3,3,3,3
MHS_0351,2026-09-11 08:57:32.058,STr. Sains Data Terapan,3,4,3,3,3,4,4,3,4,4,4,3,3,4,4,4,4,3,4,4,3,4,4,4,4,4,4,4,4,4,4,4,4,4,4,4,4,4,4,4,4,4,4,4,4,3,4,3,3,3,3,3,3,3,3,4,3,4,3
MHS_0352,2026-09-11 08:57:46.611,STr. Sains Data Terapan,3,2,3,2,3,3,3,2,1,1,1,2,1,2,2,2,1,2,2,2,2,2,3,2,2,3,2,3,2,2,3,2,2,2,1,1,2,2,3,3,3,3,1,3,4,4,4,3,2,3,3,2,3,1,1,1,2,2,1
MHS_0353,2026-09-11 08:59:47.093,STr. Sains Data Terapan,3,4,3,3,3,3,3,3,3,3,3,3,3,3,3,3,3,3,3,3,3,3,3,3,3,3,3,3,3,3,3,3,3,3,3,3,3,3,3,2,3,3,3,3,2,2,4,2,2,3,2,3,3,1,2,3,3,3,3
MHS_0354,2026-09-11 09:05:25.528,STr. Sains Data Terapan,3,3,3,3,3,3,3,3,3,3,3,3,3,3,3,3,3,3,3,3,3,3,3,3,3,3,3,3,3,3,3,3,3,3,3,3,3,3,3,3,3,3,3,3,3,3,3,2,2,2,2,3,3,2,2,2,3,3,3
MHS_0355,2026-09-11 09:16:20.504,STr. Sains Data Terapan,3,4,4,4,4,4,4,4,4,4,4,4,4,4,4,4,4,4,4,4,3,4,4,4,4,4,4,4,3,3,3,3,4,4,3,3,3,3,3,3,3,3,3,3,3,3,4,3,3,3,3,3,3,3,3,3,3,3,3
MHS_0356,2026-09-11 10:07:33.806,STr. Sains Data Terapan,5,2,2,2,2,2,2,2,2,2,2,2,2,2,2,2,2,2,2,2,2,2,2,2,2,2,2,2,2,2,2,2,2,2,2,2,2,2,2,2,2,3,3,3,3,3,3,2,2,2,2,2,2,2,2,2,2,3,2
MHS_0357,2026-09-11 10:08:15.944,STr. Teknik Komputer,5,3,3,3,3,3,3,3,3,3,3,3,3,3,3,3,3,3,3,3,3,3,3,4,3,3,3,3,3,3,3,3,3,3,3,3,3,3,3,3,2,3,3,3,3,3,3,1,1,1,3,3,3,1,1,3,3,3,3
MHS_0358,2026-09-11 10:08:33.419,STr. Sains Data Terapan,5,2,3,3,3,4,3,2,3,3,2,3,2,3,3,3,2,3,3,3,3,2,3,4,4,3,3,3,4,3,3,4,4,3,4,4,3,3,4,3,3,3,4,4,3,4,4,2,3,3,3,3,3,2,2,2,3,3,4
MHS_0359,2026-09-11 10:10:05.141,STr. Sains Data Terapan,3,3,2,2,2,3,4,4,4,3,3,3,2,2,3,4,4,3,4,3,3,3,3,3,3,3,3,3,3,3,3,3,3,2,3,3,3,3,4,3,2,4,4,4,4,4,4,2,3,3,2,3,3,1,1,3,3,3,3
MHS_0360,2026-09-11 10:10:10.129,STr./D3 Teknik Telekomunikasi,5,3,3,2,3,3,3,3,3,3,3,3,3,3,2,3,3,2,3,3,4,4,4,3,3,3,3,4,3,3,3,4,3,3,3,3,2,3,4,2,3,1,2,4,3,4,4,1,3,3,4,2,4,1,1,1,4,4,4
MHS_0361,2026-09-11 10:10:46.052,STr./D3 Teknik Informatika,5,3,3,4,4,4,4,2,3,4,3,4,4,4,4,4,2,4,4,3,4,4,4,4,4,4,2,4,4,4,4,4,4,4,4,2,4,4,4,4,4,4,4,4,4,4,4,3,4,1,4,3,4,3,4,4,4,4,2
MHS_0362,2026-09-11 10:13:04.470,STr. Sistem Pembangkit Energi,5,4,4,4,4,4,4,4,4,4,4,4,4,4,4,4,4,4,4,4,4,4,4,4,4,4,3,3,3,4,4,4,4,4,4,4,4,4,4,4,4,4,4,4,4,4,4,4,4,4,4,4,4,4,4,4,4,4,4
MHS_0363,2026-09-11 10:14:16.215,STr. Sistem Pembangkit Energi,7,3,3,3,3,2,3,3,3,3,3,3,3,3,3,3,3,3,3,3,2,4,3,4,3,3,3,3,3,3,3,3,3,3,3,3,3,3,3,2,2,3,3,3,2,2,4,2,3,2,2,2,2,1,1,4,3,3,2
MHS_0364,2026-09-11 10:16:07.598,STr./D3 Teknik Telekomunikasi,5,4,4,4,4,4,3,3,3,4,4,4,4,4,4,4,3,3,3,4,4,4,4,4,4,4,4,4,3,4,4,4,4,4,4,3,3,3,4,3,2,3,2,4,4,4,3,3,2,2,3,2,3,2,2,2,4,4,3
MHS_0365,2026-09-11 10:17:59.351,STr./D3 Teknik Informatika,5,3,3,3,3,3,3,1,1,2,2,2,2,3,3,2,3,2,1,3,3,3,3,3,3,3,3,3,3,3,3,3,3,3,3,3,3,3,3,3,3,3,3,3,2,3,3,2,3,2,2,3,3,1,1,3,3,3,2
MHS_0366,2026-09-11 10:18:32.630,STr. Teknik Komputer,5,3,3,2,2,2,1,1,1,1,2,2,2,2,2,2,2,2,2,2,1,3,3,3,3,3,3,3,3,2,2,1,2,1,3,2,2,2,1,1,1,1,1,3,3,3,3,3,3,3,3,1,3,1,1,3,3,3,3
MHS_0367,2026-09-11 10:20:45.375,D3 Multimedia Broadcasting,5,3,3,3,3,3,3,2,3,3,3,3,3,3,3,3,3,3,3,3,3,3,3,3,3,3,3,3,3,3,3,3,3,3,3,3,3,3,3,3,3,3,3,3,3,3,3,3,3,3,2,3,3,1,1,1,3,3,3
MHS_0368,2026-09-11 10:21:21.191,STr. Teknik Komputer,5,3,3,3,2,3,2,2,1,2,3,3,1,2,3,2,1,2,1,1,3,4,3,3,1,2,2,2,1,3,2,2,2,1,2,1,2,3,3,2,3,2,3,3,3,2,2,1,2,1,4,4,4,1,2,4,3,3,2
MHS_0369,2026-09-11 10:28:02.768,STr./D3 Teknik Elektronika,5,3,4,2,4,2,4,4,3,2,3,3,2,4,1,4,4,3,3,3,3,3,2,4,2,3,3,3,2,3,3,2,3,3,3,3,2,3,2,2,3,3,1,3,4,3,3,2,3,2,3,2,3,1,1,4,3,3,2
MHS_0370,2026-09-11 10:29:20.759,STr. Sains Data Terapan,3,3,3,3,3,3,3,3,3,3,3,3,3,3,3,3,3,3,3,3,4,4,4,4,4,4,4,4,4,3,4,3,4,4,4,4,3,4,4,4,4,4,4,4,4,4,4,2,3,4,2,3,4,1,2,4,4,4,4
MHS_0371,2026-09-11 10:30:09.516,STr. Sains Data Terapan,5,3,4,2,3,4,4,4,3,3,4,4,2,4,3,4,4,3,4,3,4,4,4,4,3,4,4,4,4,3,4,3,4,3,4,4,3,4,4,3,3,4,4,4,4,4,4,3,4,4,4,4,4,1,2,4,4,4,3
MHS_0372,2026-09-11 10:30:49.803,STr. Sains Data Terapan,3,4,4,4,4,4,4,4,4,4,4,4,4,4,4,4,3,4,4,4,4,4,4,4,4,4,3,4,4,4,4,4,4,4,4,3,4,4,4,4,4,4,4,4,4,4,4,1,3,4,4,4,4,4,4,4,4,4,4
MHS_0373,2026-09-11 10:34:10.128,STr. Sains Data Terapan,5,3,3,2,3,3,2,3,2,3,3,2,3,3,3,3,3,3,4,3,3,4,3,3,3,3,3,4,4,3,3,4,3,3,4,4,4,3,3,2,2,3,3,3,3,2,3,2,2,2,3,3,2,2,2,4,3,3,3
MHS_0374,2026-09-11 10:41:10.200,STr. Teknologi Rekayasa Internet,3,3,3,3,3,3,3,3,3,4,3,3,3,3,3,3,3,3,3,3,3,3,3,3,3,3,3,3,3,3,3,3,3,3,3,3,3,3,3,2,3,3,3,3,4,4,4,2,2,2,2,2,3,1,2,3,3,3,3
MHS_0375,2026-09-11 10:42:09.336,STr./D3 Teknik Elektronika,8,4,4,4,4,4,4,4,4,4,4,4,4,4,4,4,4,4,4,4,4,4,4,4,4,4,4,4,4,4,4,4,4,4,4,4,4,4,4,4,4,4,4,4,4,4,4,4,4,4,4,4,4,4,4,4,4,4,4
MHS_0376,2026-09-11 10:56:22.042,STr./D3 Teknik Telekomunikasi,1,4,4,4,4,4,4,4,4,4,4,4,4,4,4,4,4,4,4,4,4,4,4,4,4,4,4,4,4,4,4,4,4,4,4,4,4,4,4,4,4,4,4,4,4,4,4,4,4,4,4,4,4,4,4,4,4,4,4
MHS_0377,2026-09-11 11:15:02.779,STr. Teknik Komputer,7,3,4,3,3,4,4,3,3,4,3,4,3,3,4,4,3,3,3,4,4,4,4,4,4,4,4,4,4,4,4,4,3,3,4,4,4,4,3,3,3,3,3,3,4,4,4,3,3,3,4,4,4,2,2,2,2,2,2
MHS_0378,2026-09-11 11:15:30.836,STr./D3 Teknik Informatika,3,3,4,3,3,4,4,4,3,4,4,3,3,3,4,4,3,3,4,3,3,3,3,4,3,4,4,3,4,4,4,4,4,4,4,4,4,4,4,4,4,4,3,4,4,3,4,2,3,3,3,2,3,2,3,4,4,4,4
MHS_0379,2026-09-11 11:18:54.446,STr./D3 Teknik Informatika,5,4,4,4,4,4,4,4,4,4,3,3,3,3,3,3,3,3,3,3,4,4,4,3,3,3,3,4,3,3,3,3,3,3,3,3,3,3,3,2,2,3,3,3,3,3,3,2,3,3,3,2,3,1,2,3,3,3,3
MHS_0380,2026-09-11 11:24:44.864,STr./D3 Teknik Informatika,5,3,3,3,3,3,3,3,2,2,3,3,3,3,3,2,3,2,3,3,3,3,3,3,3,3,3,3,3,3,3,3,3,3,3,3,3,3,3,3,3,3,2,3,3,3,3,2,3,3,2,2,3,2,3,3,3,3,3
MHS_0381,2026-09-11 11:25:22.315,STr. Sains Data Terapan,5,4,4,3,3,4,4,2,3,4,4,4,4,3,4,4,4,4,4,4,4,4,4,4,4,4,4,4,4,4,4,3,4,4,4,2,4,4,4,3,4,3,4,4,3,4,3,2,2,3,4,3,4,1,3,4,4,4,2
MHS_0382,2026-09-11 11:44:01.911,STr. Teknik Komputer,5,3,3,3,3,2,2,2,4,4,4,3,4,3,4,3,4,4,3,3,4,4,3,2,3,3,3,3,3,3,4,3,3,4,3,3,3,3,4,2,2,3,3,3,3,3,3,2,3,3,3,3,3,2,2,2,3,3,3
MHS_0383,2026-09-11 11:45:48.852,STr. Teknologi Rekayasa Multimedia,3,3,3,2,2,3,2,3,3,4,3,2,2,3,3,3,2,3,2,3,3,3,2,3,2,3,3,3,3,3,3,4,3,3,3,3,3,3,3,3,3,3,2,4,3,1,4,1,1,3,2,4,3,1,1,4,4,4,2
MHS_0384,2026-09-11 12:21:20.993,STr. Sains Data Terapan,5,3,4,3,3,4,4,3,3,3,3,3,3,3,4,3,3,2,3,3,3,3,3,3,4,3,3,3,3,2,3,2,2,2,2,2,2,2,4,3,3,4,3,3,4,3,4,2,3,3,3,3,3,2,2,3,3,3,2
MHS_0385,2026-09-11 13:02:53.882,STr. Sains Data Terapan,3,4,4,4,4,4,4,3,4,2,3,3,3,3,2,3,2,3,1,3,4,4,4,4,4,4,3,4,4,4,4,4,4,4,4,3,4,4,4,2,4,4,4,4,3,4,4,2,2,4,3,3,3,2,3,3,3,4,3
MHS_0386,2026-09-11 14:55:54.990,STr./D3 Teknik Elektro Industri,5,3,3,3,3,4,4,2,3,1,4,4,2,3,3,3,3,3,3,3,3,3,3,3,3,3,4,3,3,3,3,3,4,2,3,3,3,3,3,3,2,1,1,3,3,3,3,1,1,1,4,4,4,1,1,1,3,3,3
MHS_0387,2026-09-11 17:54:25.224,STr. Teknologi Rekayasa Internet,7,3,3,3,3,2,3,2,2,2,2,2,2,3,2,2,3,3,3,3,4,3,3,3,3,3,3,3,3,3,3,2,3,4,3,3,3,3,4,4,4,1,2,4,3,2,4,2,2,1,2,1,1,1,1,1,3,4,2
MHS_0388,2026-09-11 17:55:17.633,STr. Teknologi Rekayasa Internet,1,3,3,4,4,4,4,4,4,3,3,3,4,4,4,4,3,4,4,4,4,3,4,4,4,3,4,3,4,4,4,4,3,4,3,4,4,4,4,3,4,4,3,4,4,4,4,3,4,4,3,4,3,2,2,4,4,4,4
MHS_0389,2026-09-11 18:02:15.778,STr. Teknologi Rekayasa Internet,1,3,3,3,2,3,3,2,3,3,3,3,3,3,3,3,3,3,2,3,3,3,3,3,2,3,3,3,3,2,3,3,3,3,3,3,3,3,4,2,3,2,2,4,4,4,4,1,3,3,3,3,3,3,3,4,3,3,2
MHS_0390,2026-09-11 18:06:40.715,STr. Teknologi Rekayasa Internet,3,4,4,2,4,4,3,3,3,3,3,3,2,3,3,3,3,3,3,3,3,3,3,3,3,3,3,3,3,3,3,3,3,3,3,3,3,3,3,3,3,3,3,3,3,3,3,3,3,3,3,3,3,3,3,3,3,3,3
MHS_0391,2026-09-11 18:11:46.253,STr. Teknologi Rekayasa Internet,1,3,3,3,3,3,3,3,3,3,3,3,3,3,3,3,3,3,3,3,3,3,3,3,2,3,3,3,3,3,3,3,3,3,3,3,3,3,2,2,3,2,2,3,3,3,3,1,2,2,3,3,3,3,3,3,3,3,3
MHS_0392,2026-09-11 18:24:03.110,STr. Teknologi Rekayasa Internet,1,4,4,4,4,4,4,4,3,3,4,4,4,4,4,4,4,3,3,4,4,4,4,4,4,4,4,4,4,4,4,4,4,4,4,4,3,3,4,3,4,4,4,4,4,4,4,2,2,2,3,4,4,2,3,3,4,4,4
MHS_0393,2026-09-11 18:29:57.917,STr. Teknologi Rekayasa Internet,1,3,4,3,3,3,4,3,3,4,4,3,3,4,4,3,4,3,3,4,3,3,4,3,4,3,3,3,4,3,4,4,4,3,4,3,3,3,4,3,3,3,3,3,3,3,3,3,3,4,3,3,3,3,4,3,2,2,3
MHS_0394,2026-09-11 18:49:37.789,STr. Teknologi Rekayasa Internet,5,3,3,2,4,3,3,3,3,3,4,3,3,3,3,4,4,3,3,3,4,4,3,3,3,3,3,4,4,3,3,3,4,4,4,4,3,3,3,4,4,4,4,3,3,3,4,4,4,3,3,3,3,2,2,3,3,3,3
MHS_0395,2026-09-11 18:49:40.725,STr. Teknologi Rekayasa Internet,1,3,3,3,3,3,3,2,3,3,3,3,3,3,3,3,2,3,3,3,3,3,3,3,3,3,2,3,3,3,3,3,3,3,3,2,3,3,3,3,3,3,3,3,3,3,3,4,4,4,4,2,3,3,3,3,4,4,4
MHS_0396,2026-09-11 19:23:49.733,STr. Teknologi Rekayasa Internet,3,3,3,3,3,3,4,4,3,4,2,2,3,2,2,2,3,3,2,3,3,4,3,4,4,3,4,3,4,3,4,3,4,4,3,3,3,3,2,3,3,3,4,3,4,4,4,4,4,4,4,4,4,4,4,4,4,4,4
MHS_0397,2026-09-11 19:36:06.969,STr. Teknologi Rekayasa Internet,3,3,3,2,3,3,2,3,3,3,3,3,2,3,2,2,3,3,3,3,4,3,3,4,4,3,3,3,3,3,3,3,3,3,3,3,3,2,4,4,4,3,2,3,3,3,3,3,3,3,3,2,3,2,3,3,3,3,3
MHS_0398,2026-09-11 20:05:34.494,STr. Teknik Mekatronika,1,3,3,3,3,3,3,3,3,3,3,3,3,3,3,3,4,3,3,3,3,3,3,3,3,3,3,3,3,3,3,3,3,3,3,3,3,3,3,3,3,3,3,3,3,3,3,2,3,2,3,3,3,3,3,3,3,3,3
MHS_0399,2026-09-11 20:34:23.875,STr./D3 Teknik Elektronika,5,3,2,3,3,3,2,2,2,4,3,3,3,3,3,3,3,3,3,3,3,3,3,3,3,3,3,3,3,3,2,2,2,2,2,2,2,3,3,1,3,3,3,3,3,3,3,3,3,3,3,3,2,1,2,3,3,3,3
MHS_0400,2026-09-11 21:02:26.743,STr./D3 Teknik Telekomunikasi,3,3,3,3,3,3,3,3,3,3,3,3,3,3,3,3,3,3,3,3,3,3,3,3,3,3,3,3,3,3,3,3,3,3,3,3,3,3,3,3,3,3,3,3,3,3,3,3,3,3,3,3,3,3,3,3,3,3,3
MHS_0401,2026-09-11 21:04:36.075,STr. Teknik Mekatronika,5,3,3,3,3,3,3,3,3,3,3,3,3,3,3,3,3,3,3,3,4,3,3,3,3,3,4,3,3,3,3,3,3,3,3,3,3,3,3,3,3,3,3,3,3,3,3,3,3,3,3,3,3,2,2,2,3,3,3
MHS_0402,2026-09-11 21:07:06.847,STr./D3 Teknik Telekomunikasi,3,4,4,4,4,4,4,4,4,4,4,4,4,4,4,4,4,4,4,4,4,4,4,4,4,4,4,4,4,4,4,4,4,4,4,4,4,4,4,3,3,3,3,4,3,3,4,3,4,3,3,3,3,2,2,4,4,4,4
MHS_0403,2026-09-11 21:07:47.076,STr. Teknik Mekatronika,5,3,3,2,3,3,3,3,3,3,3,3,2,3,3,3,3,3,3,3,3,3,3,3,3,3,3,3,3,3,3,2,3,3,3,3,3,3,3,3,3,3,3,3,3,3,3,2,3,2,3,2,3,2,2,4,4,4,4
MHS_0404,2026-09-11 21:19:59.152,STr. Teknik Mekatronika,3,3,3,3,3,3,3,3,3,3,3,3,3,3,3,3,3,3,3,3,3,3,3,3,3,3,3,3,3,3,3,3,3,3,3,3,3,3,3,3,3,2,3,3,3,3,3,2,2,2,3,2,3,1,1,3,3,3,3
MHS_0405,2026-09-11 21:32:27.941,STr. Teknik Mekatronika,3,3,4,4,4,4,4,4,4,2,3,3,4,4,4,4,4,4,3,3,3,3,4,4,4,4,4,4,4,3,3,3,4,4,3,3,3,3,3,3,3,2,2,3,3,3,3,1,1,2,3,2,3,1,1,3,3,3,2
MHS_0406,2026-09-11 22:59:14.462,STr. Teknologi Rekayasa Internet,7,3,3,3,3,3,3,3,3,3,2,2,2,2,2,3,3,2,3,3,3,3,3,3,3,3,3,3,3,3,3,3,3,3,3,3,3,3,3,3,3,3,3,3,3,3,3,1,2,2,3,3,3,2,2,2,3,3,3
MHS_0407,2026-09-12 07:01:31.091,STr. Sains Data Terapan,3,3,2,4,2,4,2,1,2,3,4,4,2,2,4,1,3,2,2,2,3,4,3,4,4,3,3,3,3,3,3,3,3,3,3,3,3,3,4,2,3,4,4,4,3,3,4,1,2,2,4,2,3,1,4,4,3,3,3
MHS_0408,2026-09-12 07:57:10.555,STr. Teknologi Game,7,3,2,2,2,2,3,2,2,2,2,2,2,3,2,2,2,2,2,2,3,3,2,3,2,2,3,2,2,3,3,3,3,3,3,3,3,3,3,3,3,3,2,3,4,4,4,3,3,3,4,4,4,1,1,1,3,3,3
MHS_0409,2026-09-12 09:04:59.047,STr. Teknologi Rekayasa Keselamatan (K3),1,4,3,4,4,4,4,4,3,3,4,4,4,4,4,4,4,4,3,3,4,4,4,4,4,4,4,4,4,4,4,4,4,4,4,4,4,4,4,3,4,4,4,4,3,4,4,2,3,3,4,4,4,3,3,3,4,4,4
MHS_0410,2026-09-12 20:08:38.866,D3 Multimedia Broadcasting,5,3,3,3,3,3,3,4,3,4,4,3,4,4,4,3,3,3,3,3,3,3,3,3,3,3,3,4,3,3,4,4,3,3,4,4,4,3,4,4,3,4,4,4,4,4,4,2,3,2,2,3,3,1,2,1,3,4,3
MHS_0411,2026-09-12 20:17:21.063,D3 Multimedia Broadcasting,5,3,3,3,3,3,3,3,3,3,3,3,3,3,3,3,3,3,3,3,3,2,3,3,3,3,2,3,3,3,3,3,3,3,3,3,3,3,4,4,4,3,3,3,2,1,3,2,3,2,3,3,4,1,2,2,3,3,3
MHS_0412,2026-09-12 20:21:34.816,D3 Multimedia Broadcasting,5,3,3,3,3,3,3,3,3,3,3,3,3,3,3,3,3,3,3,3,3,3,4,4,4,4,4,4,4,3,3,3,3,3,3,3,3,3,3,3,3,2,2,3,3,3,3,1,3,2,3,3,3,3,3,3,3,3,3
MHS_0413,2026-09-13 15:57:40.265,STr./D3 Teknik Informatika,5,3,3,3,3,3,3,3,3,3,3,3,3,3,3,3,3,3,3,3,3,3,3,3,3,3,3,3,3,3,3,3,3,2,2,3,2,3,3,3,3,3,3,3,3,3,3,3,3,3,3,3,3,2,2,3,3,3,3
MHS_0414,2026-09-13 20:49:36.232,STr. Teknologi Game,8,3,3,3,2,3,3,3,3,3,3,3,3,3,3,3,3,3,3,3,3,3,3,3,3,3,3,3,3,3,3,3,3,3,3,3,3,3,3,3,3,3,3,3,3,3,3,3,3,3,3,3,3,3,3,3,3,3,3
MHS_0415,2026-09-14 14:37:47.401,STr. Teknologi Game,5,3,3,3,3,3,2,2,3,3,2,2,3,3,3,2,2,3,3,3,3,3,3,3,3,3,3,3,3,3,3,3,3,3,3,3,3,3,3,2,2,2,3,3,3,2,3,2,2,2,2,2,3,2,2,3,3,4,3
MHS_0416,2026-09-14 15:33:34.560,STr./D3 Teknik Elektro Industri,3,3,3,2,3,3,2,2,2,3,3,3,2,3,3,2,2,3,3,3,4,4,3,3,3,3,3,3,3,3,3,3,3,3,3,2,3,3,3,3,4,3,3,3,3,3,4,2,2,3,3,2,2,2,2,2,3,3,3
MHS_0417,2026-09-15 08:43:04.160,STr./D3 Teknik Elektronika,3,3,3,4,3,3,3,2,2,3,4,3,4,4,3,3,2,3,2,2,3,3,3,4,4,3,3,4,3,3,3,3,3,3,3,2,3,3,3,2,3,2,2,3,3,3,4,1,3,3,2,2,3,2,3,3,3,3,3
MHS_0418,2026-09-15 12:17:15.716,STr./D3 Teknik Elektro Industri,3,4,4,4,4,4,4,4,4,4,4,4,3,3,4,4,3,4,4,3,4,4,4,4,4,4,4,4,4,4,4,4,4,3,3,3,3,4,3,3,4,3,3,4,4,4,4,3,3,3,4,4,4,3,3,4,4,4,4
